id,timestamp,epoch,phase,cpu_pct,mem_pct,mem_used_mb,mem_total_mb,load_1m,load_5m,load_15m,disk_read_kbs,disk_write_kbs,net_rx_kbs,net_tx_kbs,process_count,top_processes
1,2026-03-02T20:08:51.580211Z,1772482131.5802112,complete,0.0,2.3,11884.0,515462.0,0.2,0.49,0.27,,,,,1032,"[{""pid"": ""209733"", ""comm"": ""ps"", ""cpu"": ""100"", ""mem"": ""0.0""}, {""pid"": ""209363"", ""comm"": ""sshd"", ""cpu"": ""0.4"", ""mem"": ""0.0""}, {""pid"": ""205374"", ""comm"": ""sshd"", ""cpu"": ""0.2"", ""mem"": ""0.0""}, {""pid"": ""207065"", ""comm"": ""sshd"", ""cpu"": ""0.2"", ""mem"": ""0.0""}, {""pid"": ""209307"", ""comm"": ""sshd"", ""cpu"": ""0.0"", ""mem"": ""0.0""}]"
2,2026-03-02T20:08:54.394398Z,1772482134.3943982,complete,0.0,2.3,11887.0,515462.0,0.2,0.49,0.27,,,,,1032,"[{""pid"": ""209803"", ""comm"": ""ps"", ""cpu"": ""200"", ""mem"": ""0.0""}, {""pid"": ""209363"", ""comm"": ""sshd"", ""cpu"": ""0.5"", ""mem"": ""0.0""}, {""pid"": ""205374"", ""comm"": ""sshd"", ""cpu"": ""0.2"", ""mem"": ""0.0""}, {""pid"": ""207065"", ""comm"": ""sshd"", ""cpu"": ""0.2"", ""mem"": ""0.0""}, {""pid"": ""209307"", ""comm"": ""sshd"", ""cpu"": ""0.0"", ""mem"": ""0.0""}]"
3,2026-03-02T20:08:57.195784Z,1772482137.195784,complete,0.0,2.3,11888.0,515462.0,0.18,0.48,0.27,,,,,1031,"[{""pid"": ""209829"", ""comm"": ""ps"", ""cpu"": ""200"", ""mem"": ""0.0""}, {""pid"": ""209363"", ""comm"": ""sshd"", ""cpu"": ""0.5"", ""mem"": ""0.0""}, {""pid"": ""205374"", ""comm"": ""sshd"", ""cpu"": ""0.2"", ""mem"": ""0.0""}, {""pid"": ""207065"", ""comm"": ""sshd"", ""cpu"": ""0.2"", ""mem"": ""0.0""}, {""pid"": ""209307"", ""comm"": ""sshd"", ""cpu"": ""0.0"", ""mem"": ""0.0""}]"
4,2026-03-02T20:08:59.998186Z,1772482139.9981859,complete,0.0,2.3,11886.0,515462.0,0.18,0.48,0.27,,,,,1031,"[{""pid"": ""209855"", ""comm"": ""ps"", ""cpu"": ""100"", ""mem"": ""0.0""}, {""pid"": ""209363"", ""comm"": ""sshd"", ""cpu"": ""0.4"", ""mem"": ""0.0""}, {""pid"": ""205374"", ""comm"": ""sshd"", ""cpu"": ""0.2"", ""mem"": ""0.0""}, {""pid"": ""207065"", ""comm"": ""sshd"", ""cpu"": ""0.2"", ""mem"": ""0.0""}, {""pid"": ""209307"", ""comm"": ""sshd"", ""cpu"": ""0.0"", ""mem"": ""0.0""}]"
5,2026-03-02T20:09:02.798668Z,1772482142.7986684,complete,0.0,2.3,11885.0,515462.0,0.17,0.47,0.27,,,,,1031,"[{""pid"": ""209363"", ""comm"": ""sshd"", ""cpu"": ""0.4"", ""mem"": ""0.0""}, {""pid"": ""205374"", ""comm"": ""sshd"", ""cpu"": ""0.2"", ""mem"": ""0.0""}, {""pid"": ""207065"", ""comm"": ""sshd"", ""cpu"": ""0.2"", ""mem"": ""0.0""}, {""pid"": ""209307"", ""comm"": ""sshd"", ""cpu"": ""0.0"", ""mem"": ""0.0""}, {""pid"": ""207006"", ""comm"": ""sshd"", ""cpu"": ""0.0"", ""mem"": ""0.0""}]"
6,2026-03-02T20:09:05.610414Z,1772482145.6104143,complete,0.0,2.3,11883.0,515462.0,0.17,0.47,0.27,,,,,1031,"[{""pid"": ""209363"", ""comm"": ""sshd"", ""cpu"": ""0.4"", ""mem"": ""0.0""}, {""pid"": ""205374"", ""comm"": ""sshd"", ""cpu"": ""0.2"", ""mem"": ""0.0""}, {""pid"": ""207065"", ""comm"": ""sshd"", ""cpu"": ""0.2"", ""mem"": ""0.0""}, {""pid"": ""209307"", ""comm"": ""sshd"", ""cpu"": ""0.0"", ""mem"": ""0.0""}, {""pid"": ""207006"", ""comm"": ""sshd"", ""cpu"": ""0.0"", ""mem"": ""0.0""}]"
7,2026-03-02T20:09:08.411742Z,1772482148.411742,complete,0.0,2.3,11883.0,515462.0,0.16,0.46,0.27,,,,,1031,"[{""pid"": ""209933"", ""comm"": ""ps"", ""cpu"": ""200"", ""mem"": ""0.0""}, {""pid"": ""209363"", ""comm"": ""sshd"", ""cpu"": ""0.4"", ""mem"": ""0.0""}, {""pid"": ""205374"", ""comm"": ""sshd"", ""cpu"": ""0.2"", ""mem"": ""0.0""}, {""pid"": ""207065"", ""comm"": ""sshd"", ""cpu"": ""0.2"", ""mem"": ""0.0""}, {""pid"": ""209307"", ""comm"": ""sshd"", ""cpu"": ""0.0"", ""mem"": ""0.0""}]"
8,2026-03-02T20:09:11.211904Z,1772482151.2119045,complete,0.0,2.3,11886.0,515462.0,0.16,0.46,0.27,,,,,1031,"[{""pid"": ""209959"", ""comm"": ""ps"", ""cpu"": ""100"", ""mem"": ""0.0""}, {""pid"": ""209363"", ""comm"": ""sshd"", ""cpu"": ""0.4"", ""mem"": ""0.0""}, {""pid"": ""205374"", ""comm"": ""sshd"", ""cpu"": ""0.2"", ""mem"": ""0.0""}, {""pid"": ""207065"", ""comm"": ""sshd"", ""cpu"": ""0.2"", ""mem"": ""0.0""}, {""pid"": ""209307"", ""comm"": ""sshd"", ""cpu"": ""0.0"", ""mem"": ""0.0""}]"
9,2026-03-02T20:09:14.025139Z,1772482154.025139,complete,0.0,2.3,11882.0,515462.0,0.14,0.45,0.26,,,,,1031,"[{""pid"": ""209985"", ""comm"": ""ps"", ""cpu"": ""100"", ""mem"": ""0.0""}, {""pid"": ""209363"", ""comm"": ""sshd"", ""cpu"": ""0.4"", ""mem"": ""0.0""}, {""pid"": ""205374"", ""comm"": ""sshd"", ""cpu"": ""0.2"", ""mem"": ""0.0""}, {""pid"": ""207065"", ""comm"": ""sshd"", ""cpu"": ""0.2"", ""mem"": ""0.0""}, {""pid"": ""209307"", ""comm"": ""sshd"", ""cpu"": ""0.0"", ""mem"": ""0.0""}]"
10,2026-03-02T20:09:15.535762Z,1772482155.5357628,idle,1.7,2.3,11898.0,515462.0,0.14,0.45,0.26,,,,,1043,"[{""pid"": ""210167"", ""comm"": ""ps"", ""cpu"": ""100"", ""mem"": ""0.0""}, {""pid"": ""210016"", ""comm"": ""python3"", ""cpu"": ""20.8"", ""mem"": ""0.0""}, {""pid"": ""210006"", ""comm"": ""apt-get"", ""cpu"": ""4.1"", ""mem"": ""0.0""}, {""pid"": ""210068"", ""comm"": ""https"", ""cpu"": ""1.9"", ""mem"": ""0.0""}, {""pid"": ""209363"", ""comm"": ""sshd"", ""cpu"": ""0.4"", ""mem"": ""0.0""}]"
11,2026-03-02T20:09:16.839602Z,1772482156.8396027,installing_deps,1.0,2.3,11959.0,515462.0,0.21,0.46,0.27,,,,,1037,"[{""pid"": ""210006"", ""comm"": ""apt-get"", ""cpu"": ""49.5"", ""mem"": ""0.0""}, {""pid"": ""209363"", ""comm"": ""sshd"", ""cpu"": ""0.4"", ""mem"": ""0.0""}, {""pid"": ""205374"", ""comm"": ""sshd"", ""cpu"": ""0.2"", ""mem"": ""0.0""}, {""pid"": ""207065"", ""comm"": ""sshd"", ""cpu"": ""0.2"", ""mem"": ""0.0""}, {""pid"": ""209307"", ""comm"": ""sshd"", ""cpu"": ""0.0"", ""mem"": ""0.0""}]"
12,2026-03-02T20:09:18.343709Z,1772482158.3437092,01_idle_baseline,0.2,2.3,11980.0,515462.0,0.21,0.46,0.27,,,,,1034,"[{""pid"": ""210377"", ""comm"": ""ps"", ""cpu"": ""200"", ""mem"": ""0.0""}, {""pid"": ""209363"", ""comm"": ""sshd"", ""cpu"": ""0.4"", ""mem"": ""0.0""}, {""pid"": ""205374"", ""comm"": ""sshd"", ""cpu"": ""0.2"", ""mem"": ""0.0""}, {""pid"": ""207065"", ""comm"": ""sshd"", ""cpu"": ""0.2"", ""mem"": ""0.0""}, {""pid"": ""209307"", ""comm"": ""sshd"", ""cpu"": ""0.0"", ""mem"": ""0.0""}]"
13,2026-03-02T20:09:19.643722Z,1772482159.6437228,01_idle_baseline,0.0,2.3,11976.0,515462.0,0.21,0.46,0.27,,,,,1034,"[{""pid"": ""210390"", ""comm"": ""ps"", ""cpu"": ""200"", ""mem"": ""0.0""}, {""pid"": ""209363"", ""comm"": ""sshd"", ""cpu"": ""0.4"", ""mem"": ""0.0""}, {""pid"": ""205374"", ""comm"": ""sshd"", ""cpu"": ""0.2"", ""mem"": ""0.0""}, {""pid"": ""207065"", ""comm"": ""sshd"", ""cpu"": ""0.2"", ""mem"": ""0.0""}, {""pid"": ""209307"", ""comm"": ""sshd"", ""cpu"": ""0.0"", ""mem"": ""0.0""}]"
14,2026-03-02T20:09:21.148824Z,1772482161.1488247,01_idle_baseline,0.2,2.3,11968.0,515462.0,0.21,0.46,0.27,,,,,1034,"[{""pid"": ""209363"", ""comm"": ""sshd"", ""cpu"": ""0.4"", ""mem"": ""0.0""}, {""pid"": ""205374"", ""comm"": ""sshd"", ""cpu"": ""0.2"", ""mem"": ""0.0""}, {""pid"": ""207065"", ""comm"": ""sshd"", ""cpu"": ""0.2"", ""mem"": ""0.0""}, {""pid"": ""209307"", ""comm"": ""sshd"", ""cpu"": ""0.0"", ""mem"": ""0.0""}, {""pid"": ""207811"", ""comm"": ""kworker/u193:2-"", ""cpu"": ""0.0"", ""mem"": ""0.0""}]"
15,2026-03-02T20:09:22.450774Z,1772482162.4507744,01_idle_baseline,0.0,2.3,11966.0,515462.0,0.2,0.46,0.27,,,,,1034,"[{""pid"": ""209363"", ""comm"": ""sshd"", ""cpu"": ""0.4"", ""mem"": ""0.0""}, {""pid"": ""205374"", ""comm"": ""sshd"", ""cpu"": ""0.2"", ""mem"": ""0.0""}, {""pid"": ""207065"", ""comm"": ""sshd"", ""cpu"": ""0.1"", ""mem"": ""0.0""}, {""pid"": ""209307"", ""comm"": ""sshd"", ""cpu"": ""0.0"", ""mem"": ""0.0""}, {""pid"": ""207811"", ""comm"": ""kworker/u193:2-"", ""cpu"": ""0.0"", ""mem"": ""0.0""}]"
16,2026-03-02T20:09:23.948279Z,1772482163.9482799,01_idle_baseline,0.2,2.3,11953.0,515462.0,0.2,0.46,0.27,,,,,1034,"[{""pid"": ""209363"", ""comm"": ""sshd"", ""cpu"": ""0.4"", ""mem"": ""0.0""}, {""pid"": ""205374"", ""comm"": ""sshd"", ""cpu"": ""0.2"", ""mem"": ""0.0""}, {""pid"": ""207065"", ""comm"": ""sshd"", ""cpu"": ""0.1"", ""mem"": ""0.0""}, {""pid"": ""209307"", ""comm"": ""sshd"", ""cpu"": ""0.0"", ""mem"": ""0.0""}, {""pid"": ""207811"", ""comm"": ""kworker/u193:2-"", ""cpu"": ""0.0"", ""mem"": ""0.0""}]"
17,2026-03-02T20:09:25.258928Z,1772482165.258929,01_idle_baseline,0.0,2.3,11947.0,515462.0,0.2,0.46,0.27,,,,,1035,"[{""pid"": ""209363"", ""comm"": ""sshd"", ""cpu"": ""0.4"", ""mem"": ""0.0""}, {""pid"": ""205374"", ""comm"": ""sshd"", ""cpu"": ""0.2"", ""mem"": ""0.0""}, {""pid"": ""207065"", ""comm"": ""sshd"", ""cpu"": ""0.1"", ""mem"": ""0.0""}, {""pid"": ""209307"", ""comm"": ""sshd"", ""cpu"": ""0.0"", ""mem"": ""0.0""}, {""pid"": ""207811"", ""comm"": ""kworker/u193:2-"", ""cpu"": ""0.0"", ""mem"": ""0.0""}]"
18,2026-03-02T20:09:26.748639Z,1772482166.7486389,01_idle_baseline,0.2,2.3,11944.0,515462.0,0.18,0.45,0.27,,,,,1035,"[{""pid"": ""209363"", ""comm"": ""sshd"", ""cpu"": ""0.4"", ""mem"": ""0.0""}, {""pid"": ""205374"", ""comm"": ""sshd"", ""cpu"": ""0.2"", ""mem"": ""0.0""}, {""pid"": ""207065"", ""comm"": ""sshd"", ""cpu"": ""0.1"", ""mem"": ""0.0""}, {""pid"": ""209307"", ""comm"": ""sshd"", ""cpu"": ""0.0"", ""mem"": ""0.0""}, {""pid"": ""207811"", ""comm"": ""kworker/u193:2-"", ""cpu"": ""0.0"", ""mem"": ""0.0""}]"
19,2026-03-02T20:09:28.059102Z,1772482168.0591028,01_idle_baseline,0.0,2.3,11940.0,515462.0,0.18,0.45,0.27,,,,,1035,"[{""pid"": ""209363"", ""comm"": ""sshd"", ""cpu"": ""0.4"", ""mem"": ""0.0""}, {""pid"": ""205374"", ""comm"": ""sshd"", ""cpu"": ""0.2"", ""mem"": ""0.0""}, {""pid"": ""207065"", ""comm"": ""sshd"", ""cpu"": ""0.1"", ""mem"": ""0.0""}, {""pid"": ""209307"", ""comm"": ""sshd"", ""cpu"": ""0.0"", ""mem"": ""0.0""}, {""pid"": ""207811"", ""comm"": ""kworker/u193:2-"", ""cpu"": ""0.0"", ""mem"": ""0.0""}]"
20,2026-03-02T20:09:29.556449Z,1772482169.5564492,01_idle_baseline,0.2,2.3,11940.0,515462.0,0.18,0.45,0.27,,,,,1035,"[{""pid"": ""209363"", ""comm"": ""sshd"", ""cpu"": ""0.5"", ""mem"": ""0.0""}, {""pid"": ""205374"", ""comm"": ""sshd"", ""cpu"": ""0.2"", ""mem"": ""0.0""}, {""pid"": ""207065"", ""comm"": ""sshd"", ""cpu"": ""0.1"", ""mem"": ""0.0""}, {""pid"": ""209307"", ""comm"": ""sshd"", ""cpu"": ""0.0"", ""mem"": ""0.0""}, {""pid"": ""207811"", ""comm"": ""kworker/u193:2-"", ""cpu"": ""0.0"", ""mem"": ""0.0""}]"
21,2026-03-02T20:09:30.860419Z,1772482170.8604195,01_idle_baseline,0.0,2.3,11935.0,515462.0,0.18,0.45,0.27,,,,,1035,"[{""pid"": ""209363"", ""comm"": ""sshd"", ""cpu"": ""0.5"", ""mem"": ""0.0""}, {""pid"": ""205374"", ""comm"": ""sshd"", ""cpu"": ""0.2"", ""mem"": ""0.0""}, {""pid"": ""207065"", ""comm"": ""sshd"", ""cpu"": ""0.1"", ""mem"": ""0.0""}, {""pid"": ""209307"", ""comm"": ""sshd"", ""cpu"": ""0.0"", ""mem"": ""0.0""}, {""pid"": ""207811"", ""comm"": ""kworker/u193:2-"", ""cpu"": ""0.0"", ""mem"": ""0.0""}]"
22,2026-03-02T20:09:32.363641Z,1772482172.363641,01_idle_baseline,0.2,2.3,11936.0,515462.0,0.16,0.44,0.26,,,,,1035,"[{""pid"": ""210573"", ""comm"": ""ps"", ""cpu"": ""100"", ""mem"": ""0.0""}, {""pid"": ""209363"", ""comm"": ""sshd"", ""cpu"": ""0.4"", ""mem"": ""0.0""}, {""pid"": ""205374"", ""comm"": ""sshd"", ""cpu"": ""0.2"", ""mem"": ""0.0""}, {""pid"": ""207065"", ""comm"": ""sshd"", ""cpu"": ""0.1"", ""mem"": ""0.0""}, {""pid"": ""209307"", ""comm"": ""sshd"", ""cpu"": ""0.0"", ""mem"": ""0.0""}]"
23,2026-03-02T20:09:33.664753Z,1772482173.6647534,rest_after_01_idle_baseline,0.0,2.3,11933.0,515462.0,0.16,0.44,0.26,,,,,1035,"[{""pid"": ""210586"", ""comm"": ""ps"", ""cpu"": ""100"", ""mem"": ""0.0""}, {""pid"": ""209363"", ""comm"": ""sshd"", ""cpu"": ""0.5"", ""mem"": ""0.0""}, {""pid"": ""205374"", ""comm"": ""sshd"", ""cpu"": ""0.2"", ""mem"": ""0.0""}, {""pid"": ""207065"", ""comm"": ""sshd"", ""cpu"": ""0.1"", ""mem"": ""0.0""}, {""pid"": ""209307"", ""comm"": ""sshd"", ""cpu"": ""0.0"", ""mem"": ""0.0""}]"
24,2026-03-02T20:09:35.175782Z,1772482175.1757827,rest_after_01_idle_baseline,0.2,2.3,11934.0,515462.0,0.16,0.44,0.26,,,,,1035,"[{""pid"": ""210612"", ""comm"": ""ps"", ""cpu"": ""100"", ""mem"": ""0.0""}, {""pid"": ""209363"", ""comm"": ""sshd"", ""cpu"": ""0.5"", ""mem"": ""0.0""}, {""pid"": ""205374"", ""comm"": ""sshd"", ""cpu"": ""0.2"", ""mem"": ""0.0""}, {""pid"": ""207065"", ""comm"": ""sshd"", ""cpu"": ""0.1"", ""mem"": ""0.0""}, {""pid"": ""209307"", ""comm"": ""sshd"", ""cpu"": ""0.0"", ""mem"": ""0.0""}]"
25,2026-03-02T20:09:36.464274Z,1772482176.4642744,rest_after_01_idle_baseline,0.0,2.3,11932.0,515462.0,0.15,0.43,0.26,,,,,1035,"[{""pid"": ""210625"", ""comm"": ""ps"", ""cpu"": ""100"", ""mem"": ""0.0""}, {""pid"": ""209363"", ""comm"": ""sshd"", ""cpu"": ""0.5"", ""mem"": ""0.0""}, {""pid"": ""205374"", ""comm"": ""sshd"", ""cpu"": ""0.2"", ""mem"": ""0.0""}, {""pid"": ""207065"", ""comm"": ""sshd"", ""cpu"": ""0.1"", ""mem"": ""0.0""}, {""pid"": ""209307"", ""comm"": ""sshd"", ""cpu"": ""0.0"", ""mem"": ""0.0""}]"
26,2026-03-02T20:09:37.961647Z,1772482177.961648,rest_after_01_idle_baseline,0.4,2.3,11926.0,515462.0,0.15,0.43,0.26,,,,,1040,"[{""pid"": ""210675"", ""comm"": ""ps"", ""cpu"": ""100"", ""mem"": ""0.0""}, {""pid"": ""210661"", ""comm"": ""apport"", ""cpu"": ""52.3"", ""mem"": ""0.0""}, {""pid"": ""210657"", ""comm"": ""mpirun"", ""cpu"": ""21.4"", ""mem"": ""0.0""}, {""pid"": ""209363"", ""comm"": ""sshd"", ""cpu"": ""0.5"", ""mem"": ""0.0""}, {""pid"": ""205374"", ""comm"": ""sshd"", ""cpu"": ""0.2"", ""mem"": ""0.0""}]"
27,2026-03-02T20:09:39.279850Z,1772482179.279851,02_hpl_100pct,0.3,2.3,11972.0,515462.0,0.15,0.43,0.26,,,,,1040,"[{""pid"": ""210700"", ""comm"": ""ps"", ""cpu"": ""200"", ""mem"": ""0.0""}, {""pid"": ""210661"", ""comm"": ""apport"", ""cpu"": ""30.9"", ""mem"": ""0.0""}, {""pid"": ""210657"", ""comm"": ""mpirun"", ""cpu"": ""3.7"", ""mem"": ""0.0""}, {""pid"": ""209363"", ""comm"": ""sshd"", ""cpu"": ""0.5"", ""mem"": ""0.0""}, {""pid"": ""205374"", ""comm"": ""sshd"", ""cpu"": ""0.2"", ""mem"": ""0.0""}]"
28,2026-03-02T20:09:40.762658Z,1772482180.7626586,02_hpl_100pct,0.4,2.3,11996.0,515462.0,0.15,0.43,0.26,,,,,1041,"[{""pid"": ""210740"", ""comm"": ""ps"", ""cpu"": ""100"", ""mem"": ""0.0""}, {""pid"": ""210714"", ""comm"": ""apport"", ""cpu"": ""13.5"", ""mem"": ""0.0""}, {""pid"": ""210710"", ""comm"": ""mpirun"", ""cpu"": ""6.7"", ""mem"": ""0.0""}, {""pid"": ""209363"", ""comm"": ""sshd"", ""cpu"": ""0.5"", ""mem"": ""0.0""}, {""pid"": ""210643"", ""comm"": ""bash"", ""cpu"": ""0.3"", ""mem"": ""0.0""}]"
29,2026-03-02T20:09:42.088784Z,1772482182.0887842,02_hpl_100pct,0.0,2.3,12007.0,515462.0,0.46,0.49,0.28,,,,,1041,"[{""pid"": ""210766"", ""comm"": ""ps"", ""cpu"": ""100"", ""mem"": ""0.0""}, {""pid"": ""210750"", ""comm"": ""apport"", ""cpu"": ""12.3"", ""mem"": ""0.0""}, {""pid"": ""210746"", ""comm"": ""mpirun"", ""cpu"": ""6.1"", ""mem"": ""0.0""}, {""pid"": ""209363"", ""comm"": ""sshd"", ""cpu"": ""0.5"", ""mem"": ""0.0""}, {""pid"": ""205374"", ""comm"": ""sshd"", ""cpu"": ""0.2"", ""mem"": ""0.0""}]"
30,2026-03-02T20:09:43.585340Z,1772482183.585341,02_hpl_100pct,0.2,2.3,11976.0,515462.0,0.46,0.49,0.28,,,,,1041,"[{""pid"": ""210806"", ""comm"": ""ps"", ""cpu"": ""100"", ""mem"": ""0.0""}, {""pid"": ""209363"", ""comm"": ""sshd"", ""cpu"": ""0.5"", ""mem"": ""0.0""}, {""pid"": ""205374"", ""comm"": ""sshd"", ""cpu"": ""0.2"", ""mem"": ""0.0""}, {""pid"": ""207065"", ""comm"": ""sshd"", ""cpu"": ""0.1"", ""mem"": ""0.0""}, {""pid"": ""210672"", ""comm"": ""dbus-daemon"", ""cpu"": ""0.1"", ""mem"": ""0.0""}]"
31,2026-03-02T20:09:44.898571Z,1772482184.8985717,02_hpl_100pct,0.0,2.3,11968.0,515462.0,0.46,0.49,0.28,,,,,1037,"[{""pid"": ""210834"", ""comm"": ""mpirun"", ""cpu"": ""100"", ""mem"": ""0.0""}, {""pid"": ""209363"", ""comm"": ""sshd"", ""cpu"": ""0.5"", ""mem"": ""0.0""}, {""pid"": ""210672"", ""comm"": ""dbus-daemon"", ""cpu"": ""0.2"", ""mem"": ""0.0""}, {""pid"": ""205374"", ""comm"": ""sshd"", ""cpu"": ""0.2"", ""mem"": ""0.0""}, {""pid"": ""210643"", ""comm"": ""bash"", ""cpu"": ""0.2"", ""mem"": ""0.0""}]"
32,2026-03-02T20:09:46.398298Z,1772482186.3982983,02_hpl_100pct,0.5,2.3,11925.0,515462.0,0.74,0.55,0.3,,,,,1041,"[{""pid"": ""210883"", ""comm"": ""ps"", ""cpu"": ""100"", ""mem"": ""0.0""}, {""pid"": ""210870"", ""comm"": ""apport"", ""cpu"": ""38.4"", ""mem"": ""0.0""}, {""pid"": ""210866"", ""comm"": ""mpirun"", ""cpu"": ""20.5"", ""mem"": ""0.0""}, {""pid"": ""209363"", ""comm"": ""sshd"", ""cpu"": ""0.5"", ""mem"": ""0.0""}, {""pid"": ""205374"", ""comm"": ""sshd"", ""cpu"": ""0.2"", ""mem"": ""0.0""}]"
33,2026-03-02T20:09:47.696706Z,1772482187.6967063,02_hpl_100pct,0.4,2.3,11935.0,515462.0,0.74,0.55,0.3,,,,,1041,"[{""pid"": ""210909"", ""comm"": ""ps"", ""cpu"": ""100"", ""mem"": ""0.0""}, {""pid"": ""210896"", ""comm"": ""apport"", ""cpu"": ""32.2"", ""mem"": ""0.0""}, {""pid"": ""210892"", ""comm"": ""mpirun"", ""cpu"": ""15.3"", ""mem"": ""0.0""}, {""pid"": ""209363"", ""comm"": ""sshd"", ""cpu"": ""0.5"", ""mem"": ""0.0""}, {""pid"": ""205374"", ""comm"": ""sshd"", ""cpu"": ""0.2"", ""mem"": ""0.0""}]"
34,2026-03-02T20:09:49.216548Z,1772482189.2165487,02_hpl_100pct,0.7,2.3,11888.0,515462.0,0.74,0.55,0.3,,,,,1041,"[{""pid"": ""210948"", ""comm"": ""ps"", ""cpu"": ""200"", ""mem"": ""0.0""}, {""pid"": ""210925"", ""comm"": ""apport"", ""cpu"": ""18.3"", ""mem"": ""0.0""}, {""pid"": ""210921"", ""comm"": ""mpirun"", ""cpu"": ""8.8"", ""mem"": ""0.0""}, {""pid"": ""209363"", ""comm"": ""sshd"", ""cpu"": ""0.5"", ""mem"": ""0.0""}, {""pid"": ""205374"", ""comm"": ""sshd"", ""cpu"": ""0.2"", ""mem"": ""0.0""}]"
35,2026-03-02T20:09:50.494989Z,1772482190.4949892,02_hpl_100pct,0.5,2.3,11881.0,515462.0,0.74,0.55,0.3,,,,,1041,"[{""pid"": ""210974"", ""comm"": ""ps"", ""cpu"": ""200"", ""mem"": ""0.0""}, {""pid"": ""210961"", ""comm"": ""apport"", ""cpu"": ""17.1"", ""mem"": ""0.0""}, {""pid"": ""210957"", ""comm"": ""mpirun"", ""cpu"": ""9.7"", ""mem"": ""0.0""}, {""pid"": ""209363"", ""comm"": ""sshd"", ""cpu"": ""0.5"", ""mem"": ""0.0""}, {""pid"": ""205374"", ""comm"": ""sshd"", ""cpu"": ""0.2"", ""mem"": ""0.0""}]"
36,2026-03-02T20:09:52.029071Z,1772482192.0290716,02_hpl_100pct,0.2,2.3,11895.0,515462.0,1.0,0.61,0.32,,,,,1041,"[{""pid"": ""210987"", ""comm"": ""apport"", ""cpu"": ""11.7"", ""mem"": ""0.0""}, {""pid"": ""210983"", ""comm"": ""mpirun"", ""cpu"": ""5.8"", ""mem"": ""0.0""}, {""pid"": ""209363"", ""comm"": ""sshd"", ""cpu"": ""0.5"", ""mem"": ""0.0""}, {""pid"": ""205374"", ""comm"": ""sshd"", ""cpu"": ""0.2"", ""mem"": ""0.0""}, {""pid"": ""207065"", ""comm"": ""sshd"", ""cpu"": ""0.1"", ""mem"": ""0.0""}]"
37,2026-03-02T20:09:53.295601Z,1772482193.2956011,02_hpl_100pct,0.0,2.3,11893.0,515462.0,1.0,0.61,0.32,,,,,1041,"[{""pid"": ""211039"", ""comm"": ""ps"", ""cpu"": ""200"", ""mem"": ""0.0""}, {""pid"": ""211023"", ""comm"": ""apport"", ""cpu"": ""10.3"", ""mem"": ""0.0""}, {""pid"": ""211019"", ""comm"": ""mpirun"", ""cpu"": ""6.6"", ""mem"": ""0.0""}, {""pid"": ""209363"", ""comm"": ""sshd"", ""cpu"": ""0.5"", ""mem"": ""0.0""}, {""pid"": ""205374"", ""comm"": ""sshd"", ""cpu"": ""0.2"", ""mem"": ""0.0""}]"
38,2026-03-02T20:09:54.800013Z,1772482194.8000133,02_hpl_100pct,0.2,2.3,11895.0,515462.0,1.0,0.61,0.32,,,,,1039,"[{""pid"": ""211085"", ""comm"": ""apport"", ""cpu"": ""200"", ""mem"": ""0.0""}, {""pid"": ""211078"", ""comm"": ""mpirun"", ""cpu"": ""77.7"", ""mem"": ""0.0""}, {""pid"": ""209363"", ""comm"": ""sshd"", ""cpu"": ""0.5"", ""mem"": ""0.0""}, {""pid"": ""205374"", ""comm"": ""sshd"", ""cpu"": ""0.2"", ""mem"": ""0.0""}, {""pid"": ""207065"", ""comm"": ""sshd"", ""cpu"": ""0.1"", ""mem"": ""0.0""}]"
39,2026-03-02T20:09:56.077843Z,1772482196.077843,02_hpl_100pct,0.0,2.3,11889.0,515462.0,1.0,0.61,0.32,,,,,1039,"[{""pid"": ""211111"", ""comm"": ""apport"", ""cpu"": ""116"", ""mem"": ""0.0""}, {""pid"": ""211113"", ""comm"": ""ps"", ""cpu"": ""100"", ""mem"": ""0.0""}, {""pid"": ""211104"", ""comm"": ""mpirun"", ""cpu"": ""42.8"", ""mem"": ""0.0""}, {""pid"": ""209363"", ""comm"": ""sshd"", ""cpu"": ""0.5"", ""mem"": ""0.0""}, {""pid"": ""205374"", ""comm"": ""sshd"", ""cpu"": ""0.2"", ""mem"": ""0.0""}]"
40,2026-03-02T20:09:57.575749Z,1772482197.5757496,02_hpl_100pct,0.3,2.3,11867.0,515462.0,1.16,0.65,0.34,,,,,1036,"[{""pid"": ""211145"", ""comm"": ""ps"", ""cpu"": ""200"", ""mem"": ""0.0""}, {""pid"": ""209363"", ""comm"": ""sshd"", ""cpu"": ""0.5"", ""mem"": ""0.0""}, {""pid"": ""205374"", ""comm"": ""sshd"", ""cpu"": ""0.2"", ""mem"": ""0.0""}, {""pid"": ""207065"", ""comm"": ""sshd"", ""cpu"": ""0.1"", ""mem"": ""0.0""}, {""pid"": ""210672"", ""comm"": ""dbus-daemon"", ""cpu"": ""0.1"", ""mem"": ""0.0""}]"
41,2026-03-02T20:09:58.875656Z,1772482198.8756564,rest_after_02_hpl_100pct,0.0,2.3,11868.0,515462.0,1.16,0.65,0.34,,,,,1036,"[{""pid"": ""209363"", ""comm"": ""sshd"", ""cpu"": ""0.5"", ""mem"": ""0.0""}, {""pid"": ""205374"", ""comm"": ""sshd"", ""cpu"": ""0.2"", ""mem"": ""0.0""}, {""pid"": ""207065"", ""comm"": ""sshd"", ""cpu"": ""0.1"", ""mem"": ""0.0""}, {""pid"": ""210672"", ""comm"": ""dbus-daemon"", ""cpu"": ""0.1"", ""mem"": ""0.0""}, {""pid"": ""209307"", ""comm"": ""sshd"", ""cpu"": ""0.0"", ""mem"": ""0.0""}]"
42,2026-03-02T20:10:00.378118Z,1772482200.3781185,rest_after_02_hpl_100pct,0.1,2.3,11870.0,515462.0,1.16,0.65,0.34,,,,,1036,"[{""pid"": ""209363"", ""comm"": ""sshd"", ""cpu"": ""0.5"", ""mem"": ""0.0""}, {""pid"": ""205374"", ""comm"": ""sshd"", ""cpu"": ""0.2"", ""mem"": ""0.0""}, {""pid"": ""207065"", ""comm"": ""sshd"", ""cpu"": ""0.1"", ""mem"": ""0.0""}, {""pid"": ""210672"", ""comm"": ""dbus-daemon"", ""cpu"": ""0.1"", ""mem"": ""0.0""}, {""pid"": ""209307"", ""comm"": ""sshd"", ""cpu"": ""0.0"", ""mem"": ""0.0""}]"
43,2026-03-02T20:10:01.690563Z,1772482201.690563,rest_after_02_hpl_100pct,0.0,2.3,11868.0,515462.0,1.07,0.64,0.34,,,,,1036,"[{""pid"": ""211197"", ""comm"": ""ps"", ""cpu"": ""100"", ""mem"": ""0.0""}, {""pid"": ""209363"", ""comm"": ""sshd"", ""cpu"": ""0.5"", ""mem"": ""0.0""}, {""pid"": ""205374"", ""comm"": ""sshd"", ""cpu"": ""0.2"", ""mem"": ""0.0""}, {""pid"": ""207065"", ""comm"": ""sshd"", ""cpu"": ""0.1"", ""mem"": ""0.0""}, {""pid"": ""210672"", ""comm"": ""dbus-daemon"", ""cpu"": ""0.1"", ""mem"": ""0.0""}]"
44,2026-03-02T20:10:03.180670Z,1772482203.1806707,03_hpl_50pct,0.2,2.3,11887.0,515462.0,1.07,0.64,0.34,,,,,1041,"[{""pid"": ""211222"", ""comm"": ""apport"", ""cpu"": ""12.9"", ""mem"": ""0.0""}, {""pid"": ""211218"", ""comm"": ""mpirun"", ""cpu"": ""6.5"", ""mem"": ""0.0""}, {""pid"": ""209363"", ""comm"": ""sshd"", ""cpu"": ""0.5"", ""mem"": ""0.0""}, {""pid"": ""205374"", ""comm"": ""sshd"", ""cpu"": ""0.2"", ""mem"": ""0.0""}, {""pid"": ""207065"", ""comm"": ""sshd"", ""cpu"": ""0.1"", ""mem"": ""0.0""}]"
45,2026-03-02T20:10:04.495665Z,1772482204.495666,03_hpl_50pct,0.0,2.3,11885.0,515462.0,1.07,0.64,0.34,,,,,1041,"[{""pid"": ""211274"", ""comm"": ""ps"", ""cpu"": ""100"", ""mem"": ""0.0""}, {""pid"": ""211258"", ""comm"": ""apport"", ""cpu"": ""10.7"", ""mem"": ""0.0""}, {""pid"": ""211254"", ""comm"": ""mpirun"", ""cpu"": ""5.9"", ""mem"": ""0.0""}, {""pid"": ""209363"", ""comm"": ""sshd"", ""cpu"": ""0.5"", ""mem"": ""0.0""}, {""pid"": ""205374"", ""comm"": ""sshd"", ""cpu"": ""0.2"", ""mem"": ""0.0""}]"
46,2026-03-02T20:10:05.966572Z,1772482205.9665728,03_hpl_50pct,0.2,2.3,11874.0,515462.0,1.07,0.64,0.34,,,,,1037,"[{""pid"": ""211316"", ""comm"": ""mpirun"", ""cpu"": ""200"", ""mem"": ""0.0""}, {""pid"": ""211318"", ""comm"": ""ps"", ""cpu"": ""100"", ""mem"": ""0.0""}, {""pid"": ""209363"", ""comm"": ""sshd"", ""cpu"": ""0.5"", ""mem"": ""0.0""}, {""pid"": ""205374"", ""comm"": ""sshd"", ""cpu"": ""0.2"", ""mem"": ""0.0""}, {""pid"": ""211204"", ""comm"": ""bash"", ""cpu"": ""0.2"", ""mem"": ""0.0""}]"
47,2026-03-02T20:10:07.280072Z,1772482207.280072,03_hpl_50pct,0.0,2.3,11872.0,515462.0,1.23,0.68,0.35,,,,,1039,"[{""pid"": ""211347"", ""comm"": ""apport"", ""cpu"": ""100"", ""mem"": ""0.0""}, {""pid"": ""211342"", ""comm"": ""mpirun"", ""cpu"": ""75.0"", ""mem"": ""0.0""}, {""pid"": ""209363"", ""comm"": ""sshd"", ""cpu"": ""0.5"", ""mem"": ""0.0""}, {""pid"": ""205374"", ""comm"": ""sshd"", ""cpu"": ""0.2"", ""mem"": ""0.0""}, {""pid"": ""211204"", ""comm"": ""bash"", ""cpu"": ""0.1"", ""mem"": ""0.0""}]"
48,2026-03-02T20:10:08.784273Z,1772482208.7842734,03_hpl_50pct,0.5,2.3,11889.0,515462.0,1.23,0.68,0.35,,,,,1041,"[{""pid"": ""211391"", ""comm"": ""ps"", ""cpu"": ""200"", ""mem"": ""0.0""}, {""pid"": ""211375"", ""comm"": ""apport"", ""cpu"": ""39.2"", ""mem"": ""0.0""}, {""pid"": ""211367"", ""comm"": ""mpirun"", ""cpu"": ""16.6"", ""mem"": ""0.0""}, {""pid"": ""209363"", ""comm"": ""sshd"", ""cpu"": ""0.5"", ""mem"": ""0.0""}, {""pid"": ""205374"", ""comm"": ""sshd"", ""cpu"": ""0.2"", ""mem"": ""0.0""}]"
49,2026-03-02T20:10:10.082325Z,1772482210.0823255,03_hpl_50pct,0.4,2.3,11904.0,515462.0,1.23,0.68,0.35,,,,,1041,"[{""pid"": ""211417"", ""comm"": ""ps"", ""cpu"": ""100"", ""mem"": ""0.0""}, {""pid"": ""211404"", ""comm"": ""apport"", ""cpu"": ""32.3"", ""mem"": ""0.0""}, {""pid"": ""211400"", ""comm"": ""mpirun"", ""cpu"": ""16.6"", ""mem"": ""0.0""}, {""pid"": ""209363"", ""comm"": ""sshd"", ""cpu"": ""0.5"", ""mem"": ""0.0""}, {""pid"": ""205374"", ""comm"": ""sshd"", ""cpu"": ""0.2"", ""mem"": ""0.0""}]"
50,2026-03-02T20:10:11.604872Z,1772482211.6048725,03_hpl_50pct,0.7,2.3,11911.0,515462.0,1.45,0.73,0.37,,,,,1041,"[{""pid"": ""211456"", ""comm"": ""ps"", ""cpu"": ""200"", ""mem"": ""0.0""}, {""pid"": ""211433"", ""comm"": ""apport"", ""cpu"": ""17.4"", ""mem"": ""0.0""}, {""pid"": ""211429"", ""comm"": ""mpirun"", ""cpu"": ""8.5"", ""mem"": ""0.0""}, {""pid"": ""209363"", ""comm"": ""sshd"", ""cpu"": ""0.5"", ""mem"": ""0.0""}, {""pid"": ""205374"", ""comm"": ""sshd"", ""cpu"": ""0.2"", ""mem"": ""0.0""}]"
51,2026-03-02T20:10:12.897437Z,1772482212.897438,03_hpl_50pct,0.4,2.3,11910.0,515462.0,1.45,0.73,0.37,,,,,1041,"[{""pid"": ""211482"", ""comm"": ""ps"", ""cpu"": ""100"", ""mem"": ""0.0""}, {""pid"": ""211469"", ""comm"": ""apport"", ""cpu"": ""14.7"", ""mem"": ""0.0""}, {""pid"": ""211463"", ""comm"": ""mpirun"", ""cpu"": ""7.8"", ""mem"": ""0.0""}, {""pid"": ""209363"", ""comm"": ""sshd"", ""cpu"": ""0.5"", ""mem"": ""0.0""}, {""pid"": ""205374"", ""comm"": ""sshd"", ""cpu"": ""0.2"", ""mem"": ""0.0""}]"
52,2026-03-02T20:10:14.419652Z,1772482214.419653,03_hpl_50pct,0.1,2.3,11905.0,515462.0,1.45,0.73,0.37,,,,,1041,"[{""pid"": ""211493"", ""comm"": ""apport"", ""cpu"": ""11.4"", ""mem"": ""0.0""}, {""pid"": ""211488"", ""comm"": ""mpirun"", ""cpu"": ""6.7"", ""mem"": ""0.0""}, {""pid"": ""209363"", ""comm"": ""sshd"", ""cpu"": ""0.5"", ""mem"": ""0.0""}, {""pid"": ""205374"", ""comm"": ""sshd"", ""cpu"": ""0.2"", ""mem"": ""0.0""}, {""pid"": ""207065"", ""comm"": ""sshd"", ""cpu"": ""0.1"", ""mem"": ""0.0""}]"
53,2026-03-02T20:10:15.698986Z,1772482215.698987,03_hpl_50pct,0.0,2.3,11902.0,515462.0,1.45,0.73,0.37,,,,,1041,"[{""pid"": ""211533"", ""comm"": ""apport"", ""cpu"": ""9.9"", ""mem"": ""0.0""}, {""pid"": ""211529"", ""comm"": ""mpirun"", ""cpu"": ""5.5"", ""mem"": ""0.0""}, {""pid"": ""209363"", ""comm"": ""sshd"", ""cpu"": ""0.5"", ""mem"": ""0.0""}, {""pid"": ""205374"", ""comm"": ""sshd"", ""cpu"": ""0.2"", ""mem"": ""0.0""}, {""pid"": ""207065"", ""comm"": ""sshd"", ""cpu"": ""0.1"", ""mem"": ""0.0""}]"
54,2026-03-02T20:10:17.177262Z,1772482217.1772623,03_hpl_50pct,0.2,2.3,11884.0,515462.0,1.57,0.77,0.38,,,,,1039,"[{""pid"": ""211595"", ""comm"": ""apport"", ""cpu"": ""150"", ""mem"": ""0.0""}, {""pid"": ""211597"", ""comm"": ""ps"", ""cpu"": ""100"", ""mem"": ""0.0""}, {""pid"": ""211588"", ""comm"": ""mpirun"", ""cpu"": ""60.0"", ""mem"": ""0.0""}, {""pid"": ""209363"", ""comm"": ""sshd"", ""cpu"": ""0.5"", ""mem"": ""0.0""}, {""pid"": ""205374"", ""comm"": ""sshd"", ""cpu"": ""0.2"", ""mem"": ""0.0""}]"
55,2026-03-02T20:10:18.458527Z,1772482218.458527,03_hpl_50pct,0.0,2.3,11876.0,515462.0,1.57,0.77,0.38,,,,,1039,"[{""pid"": ""211621"", ""comm"": ""apport"", ""cpu"": ""114"", ""mem"": ""0.0""}, {""pid"": ""211613"", ""comm"": ""mpirun"", ""cpu"": ""42.8"", ""mem"": ""0.0""}, {""pid"": ""209363"", ""comm"": ""sshd"", ""cpu"": ""0.5"", ""mem"": ""0.0""}, {""pid"": ""205374"", ""comm"": ""sshd"", ""cpu"": ""0.2"", ""mem"": ""0.0""}, {""pid"": ""211204"", ""comm"": ""bash"", ""cpu"": ""0.2"", ""mem"": ""0.0""}]"
56,2026-03-02T20:10:19.996396Z,1772482219.9963968,03_hpl_50pct,0.5,2.3,11872.0,515462.0,1.57,0.77,0.38,,,,,1041,"[{""pid"": ""211666"", ""comm"": ""ps"", ""cpu"": ""100"", ""mem"": ""0.0""}, {""pid"": ""211643"", ""comm"": ""apport"", ""cpu"": ""29.7"", ""mem"": ""0.0""}, {""pid"": ""211639"", ""comm"": ""mpirun"", ""cpu"": ""15.5"", ""mem"": ""0.0""}, {""pid"": ""209363"", ""comm"": ""sshd"", ""cpu"": ""0.5"", ""mem"": ""0.0""}, {""pid"": ""205374"", ""comm"": ""sshd"", ""cpu"": ""0.2"", ""mem"": ""0.0""}]"
57,2026-03-02T20:10:21.264403Z,1772482221.264404,03_hpl_50pct,0.5,2.3,11867.0,515462.0,1.57,0.77,0.38,,,,,1041,"[{""pid"": ""211692"", ""comm"": ""ps"", ""cpu"": ""200"", ""mem"": ""0.0""}, {""pid"": ""211679"", ""comm"": ""apport"", ""cpu"": ""25.0"", ""mem"": ""0.0""}, {""pid"": ""211675"", ""comm"": ""mpirun"", ""cpu"": ""14.2"", ""mem"": ""0.0""}, {""pid"": ""209363"", ""comm"": ""sshd"", ""cpu"": ""0.5"", ""mem"": ""0.0""}, {""pid"": ""205374"", ""comm"": ""sshd"", ""cpu"": ""0.2"", ""mem"": ""0.0""}]"
58,2026-03-02T20:10:22.800878Z,1772482222.800878,03_hpl_50pct,0.1,2.3,11867.0,515462.0,1.77,0.82,0.4,,,,,1036,"[{""pid"": ""209363"", ""comm"": ""sshd"", ""cpu"": ""0.5"", ""mem"": ""0.0""}, {""pid"": ""205374"", ""comm"": ""sshd"", ""cpu"": ""0.2"", ""mem"": ""0.0""}, {""pid"": ""207065"", ""comm"": ""sshd"", ""cpu"": ""0.1"", ""mem"": ""0.0""}, {""pid"": ""210672"", ""comm"": ""dbus-daemon"", ""cpu"": ""0.1"", ""mem"": ""0.0""}, {""pid"": ""209307"", ""comm"": ""sshd"", ""cpu"": ""0.0"", ""mem"": ""0.0""}]"
59,2026-03-02T20:10:24.068931Z,1772482224.068931,rest_after_03_hpl_50pct,0.0,2.3,11864.0,515462.0,1.77,0.82,0.4,,,,,1036,"[{""pid"": ""209363"", ""comm"": ""sshd"", ""cpu"": ""0.5"", ""mem"": ""0.0""}, {""pid"": ""205374"", ""comm"": ""sshd"", ""cpu"": ""0.2"", ""mem"": ""0.0""}, {""pid"": ""207065"", ""comm"": ""sshd"", ""cpu"": ""0.1"", ""mem"": ""0.0""}, {""pid"": ""210672"", ""comm"": ""dbus-daemon"", ""cpu"": ""0.1"", ""mem"": ""0.0""}, {""pid"": ""209307"", ""comm"": ""sshd"", ""cpu"": ""0.0"", ""mem"": ""0.0""}]"
60,2026-03-02T20:10:25.603649Z,1772482225.6036494,rest_after_03_hpl_50pct,0.1,2.3,11867.0,515462.0,1.77,0.82,0.4,,,,,1036,"[{""pid"": ""211759"", ""comm"": ""ps"", ""cpu"": ""100"", ""mem"": ""0.0""}, {""pid"": ""209363"", ""comm"": ""sshd"", ""cpu"": ""0.5"", ""mem"": ""0.0""}, {""pid"": ""205374"", ""comm"": ""sshd"", ""cpu"": ""0.2"", ""mem"": ""0.0""}, {""pid"": ""207065"", ""comm"": ""sshd"", ""cpu"": ""0.1"", ""mem"": ""0.0""}, {""pid"": ""210672"", ""comm"": ""dbus-daemon"", ""cpu"": ""0.1"", ""mem"": ""0.0""}]"
61,2026-03-02T20:10:26.866957Z,1772482226.866957,rest_after_03_hpl_50pct,0.0,2.3,11868.0,515462.0,1.63,0.81,0.4,,,,,1036,"[{""pid"": ""209363"", ""comm"": ""sshd"", ""cpu"": ""0.5"", ""mem"": ""0.0""}, {""pid"": ""205374"", ""comm"": ""sshd"", ""cpu"": ""0.2"", ""mem"": ""0.0""}, {""pid"": ""207065"", ""comm"": ""sshd"", ""cpu"": ""0.1"", ""mem"": ""0.0""}, {""pid"": ""210672"", ""comm"": ""dbus-daemon"", ""cpu"": ""0.1"", ""mem"": ""0.0""}, {""pid"": ""209307"", ""comm"": ""sshd"", ""cpu"": ""0.0"", ""mem"": ""0.0""}]"
62,2026-03-02T20:10:28.420411Z,1772482228.4204113,rest_after_04_fio_100pct,0.1,2.3,11865.0,515462.0,1.63,0.81,0.4,,,,,1036,"[{""pid"": ""209363"", ""comm"": ""sshd"", ""cpu"": ""0.5"", ""mem"": ""0.0""}, {""pid"": ""205374"", ""comm"": ""sshd"", ""cpu"": ""0.2"", ""mem"": ""0.0""}, {""pid"": ""207065"", ""comm"": ""sshd"", ""cpu"": ""0.1"", ""mem"": ""0.0""}, {""pid"": ""210672"", ""comm"": ""dbus-daemon"", ""cpu"": ""0.0"", ""mem"": ""0.0""}, {""pid"": ""209307"", ""comm"": ""sshd"", ""cpu"": ""0.0"", ""mem"": ""0.0""}]"
63,2026-03-02T20:10:29.665784Z,1772482229.6657846,rest_after_04_fio_100pct,0.0,2.3,11865.0,515462.0,1.63,0.81,0.4,,,,,1036,"[{""pid"": ""211826"", ""comm"": ""ps"", ""cpu"": ""100"", ""mem"": ""0.0""}, {""pid"": ""209363"", ""comm"": ""sshd"", ""cpu"": ""0.5"", ""mem"": ""0.0""}, {""pid"": ""205374"", ""comm"": ""sshd"", ""cpu"": ""0.2"", ""mem"": ""0.0""}, {""pid"": ""207065"", ""comm"": ""sshd"", ""cpu"": ""0.1"", ""mem"": ""0.0""}, {""pid"": ""210672"", ""comm"": ""dbus-daemon"", ""cpu"": ""0.0"", ""mem"": ""0.0""}]"
64,2026-03-02T20:10:31.232712Z,1772482231.2327125,rest_after_04_fio_100pct,0.1,2.3,11864.0,515462.0,1.63,0.81,0.4,,,,,1036,"[{""pid"": ""211852"", ""comm"": ""ps"", ""cpu"": ""100"", ""mem"": ""0.0""}, {""pid"": ""209363"", ""comm"": ""sshd"", ""cpu"": ""0.5"", ""mem"": ""0.0""}, {""pid"": ""205374"", ""comm"": ""sshd"", ""cpu"": ""0.2"", ""mem"": ""0.0""}, {""pid"": ""207065"", ""comm"": ""sshd"", ""cpu"": ""0.1"", ""mem"": ""0.0""}, {""pid"": ""210672"", ""comm"": ""dbus-daemon"", ""cpu"": ""0.0"", ""mem"": ""0.0""}]"
65,2026-03-02T20:10:32.459564Z,1772482232.4595642,rest_after_04_fio_100pct,0.0,2.3,11861.0,515462.0,1.5,0.8,0.4,,,,,1036,"[{""pid"": ""209363"", ""comm"": ""sshd"", ""cpu"": ""0.5"", ""mem"": ""0.0""}, {""pid"": ""205374"", ""comm"": ""sshd"", ""cpu"": ""0.2"", ""mem"": ""0.0""}, {""pid"": ""207065"", ""comm"": ""sshd"", ""cpu"": ""0.1"", ""mem"": ""0.0""}, {""pid"": ""210672"", ""comm"": ""dbus-daemon"", ""cpu"": ""0.0"", ""mem"": ""0.0""}, {""pid"": ""209307"", ""comm"": ""sshd"", ""cpu"": ""0.0"", ""mem"": ""0.0""}]"
66,2026-03-02T20:10:34.035164Z,1772482234.0351648,rest_after_05_fio_50pct,0.1,2.3,11867.0,515462.0,1.5,0.8,0.4,,,,,1036,"[{""pid"": ""209363"", ""comm"": ""sshd"", ""cpu"": ""0.5"", ""mem"": ""0.0""}, {""pid"": ""205374"", ""comm"": ""sshd"", ""cpu"": ""0.2"", ""mem"": ""0.0""}, {""pid"": ""207065"", ""comm"": ""sshd"", ""cpu"": ""0.1"", ""mem"": ""0.0""}, {""pid"": ""210672"", ""comm"": ""dbus-daemon"", ""cpu"": ""0.0"", ""mem"": ""0.0""}, {""pid"": ""209307"", ""comm"": ""sshd"", ""cpu"": ""0.0"", ""mem"": ""0.0""}]"
67,2026-03-02T20:10:35.289566Z,1772482235.2895668,rest_after_05_fio_50pct,0.0,2.3,11868.0,515462.0,1.5,0.8,0.4,,,,,1036,"[{""pid"": ""209363"", ""comm"": ""sshd"", ""cpu"": ""0.5"", ""mem"": ""0.0""}, {""pid"": ""205374"", ""comm"": ""sshd"", ""cpu"": ""0.2"", ""mem"": ""0.0""}, {""pid"": ""207065"", ""comm"": ""sshd"", ""cpu"": ""0.1"", ""mem"": ""0.0""}, {""pid"": ""210672"", ""comm"": ""dbus-daemon"", ""cpu"": ""0.0"", ""mem"": ""0.0""}, {""pid"": ""209307"", ""comm"": ""sshd"", ""cpu"": ""0.0"", ""mem"": ""0.0""}]"
68,2026-03-02T20:10:36.846329Z,1772482236.8463297,rest_after_05_fio_50pct,0.0,2.3,11869.0,515462.0,1.38,0.78,0.4,,,,,1036,"[{""pid"": ""211945"", ""comm"": ""ps"", ""cpu"": ""200"", ""mem"": ""0.0""}, {""pid"": ""209363"", ""comm"": ""sshd"", ""cpu"": ""0.5"", ""mem"": ""0.0""}, {""pid"": ""205374"", ""comm"": ""sshd"", ""cpu"": ""0.2"", ""mem"": ""0.0""}, {""pid"": ""207065"", ""comm"": ""sshd"", ""cpu"": ""0.1"", ""mem"": ""0.0""}, {""pid"": ""210672"", ""comm"": ""dbus-daemon"", ""cpu"": ""0.0"", ""mem"": ""0.0""}]"
69,2026-03-02T20:10:38.178052Z,1772482238.1780524,rest_after_05_fio_50pct,60.4,2.4,12117.0,515462.0,1.38,0.78,0.4,,,,,1132,"[{""pid"": ""212048"", ""comm"": ""stress-ng-cpu"", ""cpu"": ""112"", ""mem"": ""0.0""}, {""pid"": ""212011"", ""comm"": ""stress-ng-cpu"", ""cpu"": ""112"", ""mem"": ""0.0""}, {""pid"": ""212012"", ""comm"": ""stress-ng-cpu"", ""cpu"": ""112"", ""mem"": ""0.0""}, {""pid"": ""212014"", ""comm"": ""stress-ng-cpu"", ""cpu"": ""112"", ""mem"": ""0.0""}, {""pid"": ""212016"", ""comm"": ""stress-ng-cpu"", ""cpu"": ""112"", ""mem"": ""0.0""}]"
70,2026-03-02T20:10:39.728375Z,1772482239.7283752,06_stress_cpu_full,100.0,2.4,12116.0,515462.0,1.38,0.78,0.4,,,,,1132,"[{""pid"": ""212048"", ""comm"": ""stress-ng-cpu"", ""cpu"": ""102"", ""mem"": ""0.0""}, {""pid"": ""212011"", ""comm"": ""stress-ng-cpu"", ""cpu"": ""102"", ""mem"": ""0.0""}, {""pid"": ""212012"", ""comm"": ""stress-ng-cpu"", ""cpu"": ""102"", ""mem"": ""0.0""}, {""pid"": ""212013"", ""comm"": ""stress-ng-cpu"", ""cpu"": ""102"", ""mem"": ""0.0""}, {""pid"": ""212014"", ""comm"": ""stress-ng-cpu"", ""cpu"": ""102"", ""mem"": ""0.0""}]"
71,2026-03-02T20:10:41.060830Z,1772482241.06083,06_stress_cpu_full,100.0,2.3,12099.0,515462.0,1.38,0.78,0.4,,,,,1132,"[{""pid"": ""212048"", ""comm"": ""stress-ng-cpu"", ""cpu"": ""101"", ""mem"": ""0.0""}, {""pid"": ""212011"", ""comm"": ""stress-ng-cpu"", ""cpu"": ""101"", ""mem"": ""0.0""}, {""pid"": ""212012"", ""comm"": ""stress-ng-cpu"", ""cpu"": ""101"", ""mem"": ""0.0""}, {""pid"": ""212013"", ""comm"": ""stress-ng-cpu"", ""cpu"": ""101"", ""mem"": ""0.0""}, {""pid"": ""212014"", ""comm"": ""stress-ng-cpu"", ""cpu"": ""101"", ""mem"": ""0.0""}]"
72,2026-03-02T20:10:42.608345Z,1772482242.6083457,06_stress_cpu_full,100.0,2.3,12094.0,515462.0,8.95,2.36,0.91,,,,,1131,"[{""pid"": ""212048"", ""comm"": ""stress-ng-cpu"", ""cpu"": ""101"", ""mem"": ""0.0""}, {""pid"": ""212011"", ""comm"": ""stress-ng-cpu"", ""cpu"": ""101"", ""mem"": ""0.0""}, {""pid"": ""212012"", ""comm"": ""stress-ng-cpu"", ""cpu"": ""101"", ""mem"": ""0.0""}, {""pid"": ""212013"", ""comm"": ""stress-ng-cpu"", ""cpu"": ""100"", ""mem"": ""0.0""}, {""pid"": ""212014"", ""comm"": ""stress-ng-cpu"", ""cpu"": ""100"", ""mem"": ""0.0""}]"
73,2026-03-02T20:10:43.939799Z,1772482243.9397998,06_stress_cpu_full,100.0,2.3,12086.0,515462.0,8.95,2.36,0.91,,,,,1131,"[{""pid"": ""212136"", ""comm"": ""ps"", ""cpu"": ""200"", ""mem"": ""0.0""}, {""pid"": ""212048"", ""comm"": ""stress-ng-cpu"", ""cpu"": ""100"", ""mem"": ""0.0""}, {""pid"": ""212011"", ""comm"": ""stress-ng-cpu"", ""cpu"": ""100"", ""mem"": ""0.0""}, {""pid"": ""212012"", ""comm"": ""stress-ng-cpu"", ""cpu"": ""100"", ""mem"": ""0.0""}, {""pid"": ""212013"", ""comm"": ""stress-ng-cpu"", ""cpu"": ""100"", ""mem"": ""0.0""}]"
74,2026-03-02T20:10:45.487702Z,1772482245.4877021,06_stress_cpu_full,100.0,2.3,12084.0,515462.0,8.95,2.36,0.91,,,,,1131,"[{""pid"": ""212162"", ""comm"": ""ps"", ""cpu"": ""200"", ""mem"": ""0.0""}, {""pid"": ""212048"", ""comm"": ""stress-ng-cpu"", ""cpu"": ""100"", ""mem"": ""0.0""}, {""pid"": ""212011"", ""comm"": ""stress-ng-cpu"", ""cpu"": ""100"", ""mem"": ""0.0""}, {""pid"": ""212012"", ""comm"": ""stress-ng-cpu"", ""cpu"": ""100"", ""mem"": ""0.0""}, {""pid"": ""212014"", ""comm"": ""stress-ng-cpu"", ""cpu"": ""100"", ""mem"": ""0.0""}]"
75,2026-03-02T20:10:46.817608Z,1772482246.8176086,06_stress_cpu_full,100.0,2.3,12085.0,515462.0,15.92,3.92,1.42,,,,,1131,"[{""pid"": ""212048"", ""comm"": ""stress-ng-cpu"", ""cpu"": ""100"", ""mem"": ""0.0""}, {""pid"": ""212011"", ""comm"": ""stress-ng-cpu"", ""cpu"": ""100"", ""mem"": ""0.0""}, {""pid"": ""212012"", ""comm"": ""stress-ng-cpu"", ""cpu"": ""100"", ""mem"": ""0.0""}, {""pid"": ""212014"", ""comm"": ""stress-ng-cpu"", ""cpu"": ""100"", ""mem"": ""0.0""}, {""pid"": ""212015"", ""comm"": ""stress-ng-cpu"", ""cpu"": ""100"", ""mem"": ""0.0""}]"
76,2026-03-02T20:10:48.376717Z,1772482248.3767178,06_stress_cpu_full,100.0,2.3,12087.0,515462.0,15.92,3.92,1.42,,,,,1131,"[{""pid"": ""212048"", ""comm"": ""stress-ng-cpu"", ""cpu"": ""100"", ""mem"": ""0.0""}, {""pid"": ""212011"", ""comm"": ""stress-ng-cpu"", ""cpu"": ""100"", ""mem"": ""0.0""}, {""pid"": ""212012"", ""comm"": ""stress-ng-cpu"", ""cpu"": ""100"", ""mem"": ""0.0""}, {""pid"": ""212014"", ""comm"": ""stress-ng-cpu"", ""cpu"": ""100"", ""mem"": ""0.0""}, {""pid"": ""212015"", ""comm"": ""stress-ng-cpu"", ""cpu"": ""100"", ""mem"": ""0.0""}]"
77,2026-03-02T20:10:49.703895Z,1772482249.7038958,06_stress_cpu_full,100.0,2.3,12088.0,515462.0,15.92,3.92,1.42,,,,,1131,"[{""pid"": ""212048"", ""comm"": ""stress-ng-cpu"", ""cpu"": ""100"", ""mem"": ""0.0""}, {""pid"": ""212011"", ""comm"": ""stress-ng-cpu"", ""cpu"": ""100"", ""mem"": ""0.0""}, {""pid"": ""212012"", ""comm"": ""stress-ng-cpu"", ""cpu"": ""100"", ""mem"": ""0.0""}, {""pid"": ""212014"", ""comm"": ""stress-ng-cpu"", ""cpu"": ""100"", ""mem"": ""0.0""}, {""pid"": ""212015"", ""comm"": ""stress-ng-cpu"", ""cpu"": ""100"", ""mem"": ""0.0""}]"
78,2026-03-02T20:10:51.240754Z,1772482251.240754,06_stress_cpu_full,100.0,2.3,12082.0,515462.0,15.92,3.92,1.42,,,,,1131,"[{""pid"": ""212240"", ""comm"": ""ps"", ""cpu"": ""200"", ""mem"": ""0.0""}, {""pid"": ""212048"", ""comm"": ""stress-ng-cpu"", ""cpu"": ""100"", ""mem"": ""0.0""}, {""pid"": ""212011"", ""comm"": ""stress-ng-cpu"", ""cpu"": ""100"", ""mem"": ""0.0""}, {""pid"": ""212012"", ""comm"": ""stress-ng-cpu"", ""cpu"": ""100"", ""mem"": ""0.0""}, {""pid"": ""212014"", ""comm"": ""stress-ng-cpu"", ""cpu"": ""100"", ""mem"": ""0.0""}]"
79,2026-03-02T20:10:52.586433Z,1772482252.586434,06_stress_cpu_full,100.0,2.3,12084.0,515462.0,22.42,5.46,1.93,,,,,1131,"[{""pid"": ""212048"", ""comm"": ""stress-ng-cpu"", ""cpu"": ""100"", ""mem"": ""0.0""}, {""pid"": ""212011"", ""comm"": ""stress-ng-cpu"", ""cpu"": ""100"", ""mem"": ""0.0""}, {""pid"": ""212012"", ""comm"": ""stress-ng-cpu"", ""cpu"": ""100"", ""mem"": ""0.0""}, {""pid"": ""212014"", ""comm"": ""stress-ng-cpu"", ""cpu"": ""100"", ""mem"": ""0.0""}, {""pid"": ""212015"", ""comm"": ""stress-ng-cpu"", ""cpu"": ""100"", ""mem"": ""0.0""}]"
80,2026-03-02T20:10:54.119384Z,1772482254.1193845,06_stress_cpu_full,100.0,2.3,12085.0,515462.0,22.42,5.46,1.93,,,,,1131,"[{""pid"": ""212279"", ""comm"": ""ps"", ""cpu"": ""300"", ""mem"": ""0.0""}, {""pid"": ""212048"", ""comm"": ""stress-ng-cpu"", ""cpu"": ""100"", ""mem"": ""0.0""}, {""pid"": ""212011"", ""comm"": ""stress-ng-cpu"", ""cpu"": ""100"", ""mem"": ""0.0""}, {""pid"": ""212012"", ""comm"": ""stress-ng-cpu"", ""cpu"": ""100"", ""mem"": ""0.0""}, {""pid"": ""212014"", ""comm"": ""stress-ng-cpu"", ""cpu"": ""100"", ""mem"": ""0.0""}]"
81,2026-03-02T20:10:55.478497Z,1772482255.4784975,06_stress_cpu_full,100.0,2.3,12085.0,515462.0,22.42,5.46,1.93,,,,,1131,"[{""pid"": ""212048"", ""comm"": ""stress-ng-cpu"", ""cpu"": ""100"", ""mem"": ""0.0""}, {""pid"": ""212011"", ""comm"": ""stress-ng-cpu"", ""cpu"": ""100"", ""mem"": ""0.0""}, {""pid"": ""212012"", ""comm"": ""stress-ng-cpu"", ""cpu"": ""100"", ""mem"": ""0.0""}, {""pid"": ""212014"", ""comm"": ""stress-ng-cpu"", ""cpu"": ""100"", ""mem"": ""0.0""}, {""pid"": ""212015"", ""comm"": ""stress-ng-cpu"", ""cpu"": ""100"", ""mem"": ""0.0""}]"
82,2026-03-02T20:10:56.996471Z,1772482256.9964714,06_stress_cpu_full,100.0,2.3,12091.0,515462.0,28.31,6.97,2.44,,,,,1131,"[{""pid"": ""212048"", ""comm"": ""stress-ng-cpu"", ""cpu"": ""100"", ""mem"": ""0.0""}, {""pid"": ""212011"", ""comm"": ""stress-ng-cpu"", ""cpu"": ""100"", ""mem"": ""0.0""}, {""pid"": ""212012"", ""comm"": ""stress-ng-cpu"", ""cpu"": ""100"", ""mem"": ""0.0""}, {""pid"": ""212014"", ""comm"": ""stress-ng-cpu"", ""cpu"": ""100"", ""mem"": ""0.0""}, {""pid"": ""212015"", ""comm"": ""stress-ng-cpu"", ""cpu"": ""100"", ""mem"": ""0.0""}]"
83,2026-03-02T20:10:58.240893Z,1772482258.2408931,06_stress_cpu_full,2.3,2.3,11763.0,515462.0,28.31,6.97,2.44,,,,,1033,"[{""pid"": ""209363"", ""comm"": ""sshd"", ""cpu"": ""0.5"", ""mem"": ""0.0""}, {""pid"": ""205374"", ""comm"": ""sshd"", ""cpu"": ""0.2"", ""mem"": ""0.0""}, {""pid"": ""207065"", ""comm"": ""sshd"", ""cpu"": ""0.1"", ""mem"": ""0.0""}, {""pid"": ""210672"", ""comm"": ""dbus-daemon"", ""cpu"": ""0.0"", ""mem"": ""0.0""}, {""pid"": ""209307"", ""comm"": ""sshd"", ""cpu"": ""0.0"", ""mem"": ""0.0""}]"
84,2026-03-02T20:10:59.784008Z,1772482259.784009,rest_after_06_stress_cpu_full,0.1,2.3,11745.0,515462.0,28.31,6.97,2.44,,,,,1033,"[{""pid"": ""209363"", ""comm"": ""sshd"", ""cpu"": ""0.5"", ""mem"": ""0.0""}, {""pid"": ""205374"", ""comm"": ""sshd"", ""cpu"": ""0.2"", ""mem"": ""0.0""}, {""pid"": ""207065"", ""comm"": ""sshd"", ""cpu"": ""0.1"", ""mem"": ""0.0""}, {""pid"": ""210672"", ""comm"": ""dbus-daemon"", ""cpu"": ""0.0"", ""mem"": ""0.0""}, {""pid"": ""209307"", ""comm"": ""sshd"", ""cpu"": ""0.0"", ""mem"": ""0.0""}]"
85,2026-03-02T20:11:01.030127Z,1772482261.0301278,rest_after_06_stress_cpu_full,0.0,2.3,11745.0,515462.0,28.31,6.97,2.44,,,,,1033,"[{""pid"": ""212371"", ""comm"": ""ps"", ""cpu"": ""100"", ""mem"": ""0.0""}, {""pid"": ""209363"", ""comm"": ""sshd"", ""cpu"": ""0.5"", ""mem"": ""0.0""}, {""pid"": ""205374"", ""comm"": ""sshd"", ""cpu"": ""0.2"", ""mem"": ""0.0""}, {""pid"": ""207065"", ""comm"": ""sshd"", ""cpu"": ""0.1"", ""mem"": ""0.0""}, {""pid"": ""210672"", ""comm"": ""dbus-daemon"", ""cpu"": ""0.0"", ""mem"": ""0.0""}]"
86,2026-03-02T20:11:02.570678Z,1772482262.5706782,rest_after_06_stress_cpu_full,0.1,2.3,11744.0,515462.0,26.04,6.85,2.43,,,,,1033,"[{""pid"": ""209363"", ""comm"": ""sshd"", ""cpu"": ""0.5"", ""mem"": ""0.0""}, {""pid"": ""205374"", ""comm"": ""sshd"", ""cpu"": ""0.2"", ""mem"": ""0.0""}, {""pid"": ""207065"", ""comm"": ""sshd"", ""cpu"": ""0.1"", ""mem"": ""0.0""}, {""pid"": ""210672"", ""comm"": ""dbus-daemon"", ""cpu"": ""0.0"", ""mem"": ""0.0""}, {""pid"": ""209307"", ""comm"": ""sshd"", ""cpu"": ""0.0"", ""mem"": ""0.0""}]"
87,2026-03-02T20:11:03.809883Z,1772482263.8098829,07_stress_cpu_half,50.1,2.3,11954.0,515462.0,26.04,6.85,2.43,,,,,1083,"[{""pid"": ""212418"", ""comm"": ""stress-ng-cpu"", ""cpu"": ""101"", ""mem"": ""0.0""}, {""pid"": ""212419"", ""comm"": ""stress-ng-cpu"", ""cpu"": ""101"", ""mem"": ""0.0""}, {""pid"": ""212420"", ""comm"": ""stress-ng-cpu"", ""cpu"": ""101"", ""mem"": ""0.0""}, {""pid"": ""212421"", ""comm"": ""stress-ng-cpu"", ""cpu"": ""101"", ""mem"": ""0.0""}, {""pid"": ""212422"", ""comm"": ""stress-ng-cpu"", ""cpu"": ""101"", ""mem"": ""0.0""}]"
88,2026-03-02T20:11:05.336673Z,1772482265.3366733,07_stress_cpu_half,50.1,2.3,11961.0,515462.0,26.04,6.85,2.43,,,,,1083,"[{""pid"": ""212418"", ""comm"": ""stress-ng-cpu"", ""cpu"": ""100"", ""mem"": ""0.0""}, {""pid"": ""212419"", ""comm"": ""stress-ng-cpu"", ""cpu"": ""100"", ""mem"": ""0.0""}, {""pid"": ""212420"", ""comm"": ""stress-ng-cpu"", ""cpu"": ""100"", ""mem"": ""0.0""}, {""pid"": ""212421"", ""comm"": ""stress-ng-cpu"", ""cpu"": ""100"", ""mem"": ""0.0""}, {""pid"": ""212422"", ""comm"": ""stress-ng-cpu"", ""cpu"": ""100"", ""mem"": ""0.0""}]"
89,2026-03-02T20:11:06.579875Z,1772482266.579876,07_stress_cpu_half,50.0,2.3,11963.0,515462.0,27.8,7.54,2.67,,,,,1083,"[{""pid"": ""212418"", ""comm"": ""stress-ng-cpu"", ""cpu"": ""100"", ""mem"": ""0.0""}, {""pid"": ""212419"", ""comm"": ""stress-ng-cpu"", ""cpu"": ""100"", ""mem"": ""0.0""}, {""pid"": ""212420"", ""comm"": ""stress-ng-cpu"", ""cpu"": ""100"", ""mem"": ""0.0""}, {""pid"": ""212421"", ""comm"": ""stress-ng-cpu"", ""cpu"": ""100"", ""mem"": ""0.0""}, {""pid"": ""212422"", ""comm"": ""stress-ng-cpu"", ""cpu"": ""100"", ""mem"": ""0.0""}]"
90,2026-03-02T20:11:08.106702Z,1772482268.1067026,07_stress_cpu_half,50.1,2.3,11964.0,515462.0,27.8,7.54,2.67,,,,,1083,"[{""pid"": ""212418"", ""comm"": ""stress-ng-cpu"", ""cpu"": ""100"", ""mem"": ""0.0""}, {""pid"": ""212419"", ""comm"": ""stress-ng-cpu"", ""cpu"": ""100"", ""mem"": ""0.0""}, {""pid"": ""212420"", ""comm"": ""stress-ng-cpu"", ""cpu"": ""100"", ""mem"": ""0.0""}, {""pid"": ""212421"", ""comm"": ""stress-ng-cpu"", ""cpu"": ""100"", ""mem"": ""0.0""}, {""pid"": ""212422"", ""comm"": ""stress-ng-cpu"", ""cpu"": ""100"", ""mem"": ""0.0""}]"
91,2026-03-02T20:11:09.359023Z,1772482269.359023,07_stress_cpu_half,50.0,2.3,11962.0,515462.0,27.8,7.54,2.67,,,,,1083,"[{""pid"": ""212418"", ""comm"": ""stress-ng-cpu"", ""cpu"": ""100"", ""mem"": ""0.0""}, {""pid"": ""212419"", ""comm"": ""stress-ng-cpu"", ""cpu"": ""100"", ""mem"": ""0.0""}, {""pid"": ""212420"", ""comm"": ""stress-ng-cpu"", ""cpu"": ""100"", ""mem"": ""0.0""}, {""pid"": ""212421"", ""comm"": ""stress-ng-cpu"", ""cpu"": ""100"", ""mem"": ""0.0""}, {""pid"": ""212422"", ""comm"": ""stress-ng-cpu"", ""cpu"": ""100"", ""mem"": ""0.0""}]"
92,2026-03-02T20:11:10.885223Z,1772482270.8852236,07_stress_cpu_half,50.1,2.3,11964.0,515462.0,27.8,7.54,2.67,,,,,1083,"[{""pid"": ""212565"", ""comm"": ""ps"", ""cpu"": ""200"", ""mem"": ""0.0""}, {""pid"": ""212423"", ""comm"": ""stress-ng-cpu"", ""cpu"": ""100"", ""mem"": ""0.0""}, {""pid"": ""212418"", ""comm"": ""stress-ng-cpu"", ""cpu"": ""100"", ""mem"": ""0.0""}, {""pid"": ""212419"", ""comm"": ""stress-ng-cpu"", ""cpu"": ""100"", ""mem"": ""0.0""}, {""pid"": ""212420"", ""comm"": ""stress-ng-cpu"", ""cpu"": ""100"", ""mem"": ""0.0""}]"
93,2026-03-02T20:11:12.128297Z,1772482272.128298,07_stress_cpu_half,50.0,2.3,11962.0,515462.0,29.42,8.21,2.92,,,,,1083,"[{""pid"": ""212418"", ""comm"": ""stress-ng-cpu"", ""cpu"": ""100"", ""mem"": ""0.0""}, {""pid"": ""212419"", ""comm"": ""stress-ng-cpu"", ""cpu"": ""100"", ""mem"": ""0.0""}, {""pid"": ""212420"", ""comm"": ""stress-ng-cpu"", ""cpu"": ""100"", ""mem"": ""0.0""}, {""pid"": ""212421"", ""comm"": ""stress-ng-cpu"", ""cpu"": ""100"", ""mem"": ""0.0""}, {""pid"": ""212422"", ""comm"": ""stress-ng-cpu"", ""cpu"": ""100"", ""mem"": ""0.0""}]"
94,2026-03-02T20:11:13.665415Z,1772482273.6654153,07_stress_cpu_half,50.1,2.3,11962.0,515462.0,29.42,8.21,2.92,,,,,1083,"[{""pid"": ""212418"", ""comm"": ""stress-ng-cpu"", ""cpu"": ""100"", ""mem"": ""0.0""}, {""pid"": ""212419"", ""comm"": ""stress-ng-cpu"", ""cpu"": ""100"", ""mem"": ""0.0""}, {""pid"": ""212420"", ""comm"": ""stress-ng-cpu"", ""cpu"": ""100"", ""mem"": ""0.0""}, {""pid"": ""212421"", ""comm"": ""stress-ng-cpu"", ""cpu"": ""100"", ""mem"": ""0.0""}, {""pid"": ""212422"", ""comm"": ""stress-ng-cpu"", ""cpu"": ""100"", ""mem"": ""0.0""}]"
95,2026-03-02T20:11:14.912660Z,1772482274.9126606,07_stress_cpu_half,50.0,2.3,11962.0,515462.0,29.42,8.21,2.92,,,,,1083,"[{""pid"": ""212418"", ""comm"": ""stress-ng-cpu"", ""cpu"": ""100"", ""mem"": ""0.0""}, {""pid"": ""212419"", ""comm"": ""stress-ng-cpu"", ""cpu"": ""100"", ""mem"": ""0.0""}, {""pid"": ""212420"", ""comm"": ""stress-ng-cpu"", ""cpu"": ""100"", ""mem"": ""0.0""}, {""pid"": ""212421"", ""comm"": ""stress-ng-cpu"", ""cpu"": ""100"", ""mem"": ""0.0""}, {""pid"": ""212422"", ""comm"": ""stress-ng-cpu"", ""cpu"": ""100"", ""mem"": ""0.0""}]"
96,2026-03-02T20:11:16.435423Z,1772482276.4354239,07_stress_cpu_half,50.1,2.3,11961.0,515462.0,30.99,8.88,3.16,,,,,1083,"[{""pid"": ""212418"", ""comm"": ""stress-ng-cpu"", ""cpu"": ""100"", ""mem"": ""0.0""}, {""pid"": ""212419"", ""comm"": ""stress-ng-cpu"", ""cpu"": ""100"", ""mem"": ""0.0""}, {""pid"": ""212420"", ""comm"": ""stress-ng-cpu"", ""cpu"": ""100"", ""mem"": ""0.0""}, {""pid"": ""212422"", ""comm"": ""stress-ng-cpu"", ""cpu"": ""100"", ""mem"": ""0.0""}, {""pid"": ""212423"", ""comm"": ""stress-ng-cpu"", ""cpu"": ""100"", ""mem"": ""0.0""}]"
97,2026-03-02T20:11:17.696341Z,1772482277.696342,07_stress_cpu_half,50.0,2.3,11961.0,515462.0,30.99,8.88,3.16,,,,,1083,"[{""pid"": ""212418"", ""comm"": ""stress-ng-cpu"", ""cpu"": ""100"", ""mem"": ""0.0""}, {""pid"": ""212419"", ""comm"": ""stress-ng-cpu"", ""cpu"": ""100"", ""mem"": ""0.0""}, {""pid"": ""212420"", ""comm"": ""stress-ng-cpu"", ""cpu"": ""100"", ""mem"": ""0.0""}, {""pid"": ""212421"", ""comm"": ""stress-ng-cpu"", ""cpu"": ""100"", ""mem"": ""0.0""}, {""pid"": ""212422"", ""comm"": ""stress-ng-cpu"", ""cpu"": ""100"", ""mem"": ""0.0""}]"
98,2026-03-02T20:11:19.216428Z,1772482279.2164288,07_stress_cpu_half,50.1,2.3,11956.0,515462.0,30.99,8.88,3.16,,,,,1083,"[{""pid"": ""212418"", ""comm"": ""stress-ng-cpu"", ""cpu"": ""100"", ""mem"": ""0.0""}, {""pid"": ""212419"", ""comm"": ""stress-ng-cpu"", ""cpu"": ""100"", ""mem"": ""0.0""}, {""pid"": ""212420"", ""comm"": ""stress-ng-cpu"", ""cpu"": ""100"", ""mem"": ""0.0""}, {""pid"": ""212421"", ""comm"": ""stress-ng-cpu"", ""cpu"": ""100"", ""mem"": ""0.0""}, {""pid"": ""212422"", ""comm"": ""stress-ng-cpu"", ""cpu"": ""100"", ""mem"": ""0.0""}]"
99,2026-03-02T20:11:20.482753Z,1772482280.4827533,07_stress_cpu_half,50.0,2.3,11957.0,515462.0,30.99,8.88,3.16,,,,,1083,"[{""pid"": ""212418"", ""comm"": ""stress-ng-cpu"", ""cpu"": ""100"", ""mem"": ""0.0""}, {""pid"": ""212419"", ""comm"": ""stress-ng-cpu"", ""cpu"": ""100"", ""mem"": ""0.0""}, {""pid"": ""212420"", ""comm"": ""stress-ng-cpu"", ""cpu"": ""100"", ""mem"": ""0.0""}, {""pid"": ""212421"", ""comm"": ""stress-ng-cpu"", ""cpu"": ""100"", ""mem"": ""0.0""}, {""pid"": ""212422"", ""comm"": ""stress-ng-cpu"", ""cpu"": ""100"", ""mem"": ""0.0""}]"
100,2026-03-02T20:11:21.996060Z,1772482281.9960608,07_stress_cpu_half,50.1,2.3,11954.0,515462.0,32.35,9.53,3.4,,,,,1083,"[{""pid"": ""212418"", ""comm"": ""stress-ng-cpu"", ""cpu"": ""100"", ""mem"": ""0.0""}, {""pid"": ""212419"", ""comm"": ""stress-ng-cpu"", ""cpu"": ""100"", ""mem"": ""0.0""}, {""pid"": ""212420"", ""comm"": ""stress-ng-cpu"", ""cpu"": ""100"", ""mem"": ""0.0""}, {""pid"": ""212421"", ""comm"": ""stress-ng-cpu"", ""cpu"": ""100"", ""mem"": ""0.0""}, {""pid"": ""212422"", ""comm"": ""stress-ng-cpu"", ""cpu"": ""100"", ""mem"": ""0.0""}]"
101,2026-03-02T20:11:23.236537Z,1772482283.2365377,07_stress_cpu_half,20.5,2.3,11743.0,515462.0,32.35,9.53,3.4,,,,,1033,"[{""pid"": ""212735"", ""comm"": ""ps"", ""cpu"": ""100"", ""mem"": ""0.0""}, {""pid"": ""209363"", ""comm"": ""sshd"", ""cpu"": ""0.5"", ""mem"": ""0.0""}, {""pid"": ""205374"", ""comm"": ""sshd"", ""cpu"": ""0.2"", ""mem"": ""0.0""}, {""pid"": ""207065"", ""comm"": ""sshd"", ""cpu"": ""0.1"", ""mem"": ""0.0""}, {""pid"": ""210672"", ""comm"": ""dbus-daemon"", ""cpu"": ""0.0"", ""mem"": ""0.0""}]"
102,2026-03-02T20:11:24.785478Z,1772482284.7854786,rest_after_07_stress_cpu_half,0.1,2.3,11739.0,515462.0,32.35,9.53,3.4,,,,,1033,"[{""pid"": ""209363"", ""comm"": ""sshd"", ""cpu"": ""0.5"", ""mem"": ""0.0""}, {""pid"": ""205374"", ""comm"": ""sshd"", ""cpu"": ""0.2"", ""mem"": ""0.0""}, {""pid"": ""207065"", ""comm"": ""sshd"", ""cpu"": ""0.1"", ""mem"": ""0.0""}, {""pid"": ""210672"", ""comm"": ""dbus-daemon"", ""cpu"": ""0.0"", ""mem"": ""0.0""}, {""pid"": ""209307"", ""comm"": ""sshd"", ""cpu"": ""0.0"", ""mem"": ""0.0""}]"
103,2026-03-02T20:11:26.023161Z,1772482286.0231612,rest_after_07_stress_cpu_half,0.0,2.3,11739.0,515462.0,32.35,9.53,3.4,,,,,1033,"[{""pid"": ""209363"", ""comm"": ""sshd"", ""cpu"": ""0.5"", ""mem"": ""0.0""}, {""pid"": ""205374"", ""comm"": ""sshd"", ""cpu"": ""0.2"", ""mem"": ""0.0""}, {""pid"": ""207065"", ""comm"": ""sshd"", ""cpu"": ""0.1"", ""mem"": ""0.0""}, {""pid"": ""210672"", ""comm"": ""dbus-daemon"", ""cpu"": ""0.0"", ""mem"": ""0.0""}, {""pid"": ""209307"", ""comm"": ""sshd"", ""cpu"": ""0.0"", ""mem"": ""0.0""}]"
104,2026-03-02T20:11:27.586515Z,1772482287.5865152,rest_after_07_stress_cpu_half,0.1,2.3,11741.0,515462.0,29.76,9.38,3.39,,,,,1033,"[{""pid"": ""212800"", ""comm"": ""ps"", ""cpu"": ""100"", ""mem"": ""0.0""}, {""pid"": ""209363"", ""comm"": ""sshd"", ""cpu"": ""0.5"", ""mem"": ""0.0""}, {""pid"": ""205374"", ""comm"": ""sshd"", ""cpu"": ""0.2"", ""mem"": ""0.0""}, {""pid"": ""207065"", ""comm"": ""sshd"", ""cpu"": ""0.1"", ""mem"": ""0.0""}, {""pid"": ""210672"", ""comm"": ""dbus-daemon"", ""cpu"": ""0.0"", ""mem"": ""0.0""}]"
105,2026-03-02T20:11:28.817282Z,1772482288.8172822,08_idle_cooldown,0.0,2.3,11741.0,515462.0,29.76,9.38,3.39,,,,,1033,"[{""pid"": ""212813"", ""comm"": ""ps"", ""cpu"": ""100"", ""mem"": ""0.0""}, {""pid"": ""209363"", ""comm"": ""sshd"", ""cpu"": ""0.5"", ""mem"": ""0.0""}, {""pid"": ""205374"", ""comm"": ""sshd"", ""cpu"": ""0.2"", ""mem"": ""0.0""}, {""pid"": ""207065"", ""comm"": ""sshd"", ""cpu"": ""0.1"", ""mem"": ""0.0""}, {""pid"": ""210672"", ""comm"": ""dbus-daemon"", ""cpu"": ""0.0"", ""mem"": ""0.0""}]"
106,2026-03-02T20:11:30.384263Z,1772482290.3842638,08_idle_cooldown,0.1,2.3,11739.0,515462.0,29.76,9.38,3.39,,,,,1033,"[{""pid"": ""209363"", ""comm"": ""sshd"", ""cpu"": ""0.5"", ""mem"": ""0.0""}, {""pid"": ""205374"", ""comm"": ""sshd"", ""cpu"": ""0.2"", ""mem"": ""0.0""}, {""pid"": ""207065"", ""comm"": ""sshd"", ""cpu"": ""0.1"", ""mem"": ""0.0""}, {""pid"": ""210672"", ""comm"": ""dbus-daemon"", ""cpu"": ""0.0"", ""mem"": ""0.0""}, {""pid"": ""209307"", ""comm"": ""sshd"", ""cpu"": ""0.0"", ""mem"": ""0.0""}]"
107,2026-03-02T20:11:31.616938Z,1772482291.6169388,08_idle_cooldown,0.0,2.3,11739.0,515462.0,27.38,9.22,3.37,,,,,1033,"[{""pid"": ""209363"", ""comm"": ""sshd"", ""cpu"": ""0.5"", ""mem"": ""0.0""}, {""pid"": ""205374"", ""comm"": ""sshd"", ""cpu"": ""0.2"", ""mem"": ""0.0""}, {""pid"": ""207065"", ""comm"": ""sshd"", ""cpu"": ""0.1"", ""mem"": ""0.0""}, {""pid"": ""210672"", ""comm"": ""dbus-daemon"", ""cpu"": ""0.0"", ""mem"": ""0.0""}, {""pid"": ""209307"", ""comm"": ""sshd"", ""cpu"": ""0.0"", ""mem"": ""0.0""}]"
108,2026-03-02T20:11:33.175685Z,1772482293.1756856,08_idle_cooldown,0.2,2.3,11741.0,515462.0,27.38,9.22,3.37,,,,,1033,"[{""pid"": ""212878"", ""comm"": ""ps"", ""cpu"": ""100"", ""mem"": ""0.0""}, {""pid"": ""209363"", ""comm"": ""sshd"", ""cpu"": ""0.5"", ""mem"": ""0.0""}, {""pid"": ""205374"", ""comm"": ""sshd"", ""cpu"": ""0.2"", ""mem"": ""0.0""}, {""pid"": ""207065"", ""comm"": ""sshd"", ""cpu"": ""0.1"", ""mem"": ""0.0""}, {""pid"": ""210672"", ""comm"": ""dbus-daemon"", ""cpu"": ""0.0"", ""mem"": ""0.0""}]"
109,2026-03-02T20:11:34.411176Z,1772482294.411177,08_idle_cooldown,0.0,2.3,11741.0,515462.0,27.38,9.22,3.37,,,,,1033,"[{""pid"": ""209363"", ""comm"": ""sshd"", ""cpu"": ""0.5"", ""mem"": ""0.0""}, {""pid"": ""205374"", ""comm"": ""sshd"", ""cpu"": ""0.2"", ""mem"": ""0.0""}, {""pid"": ""207065"", ""comm"": ""sshd"", ""cpu"": ""0.1"", ""mem"": ""0.0""}, {""pid"": ""210672"", ""comm"": ""dbus-daemon"", ""cpu"": ""0.0"", ""mem"": ""0.0""}, {""pid"": ""209307"", ""comm"": ""sshd"", ""cpu"": ""0.0"", ""mem"": ""0.0""}]"
110,2026-03-02T20:11:35.971259Z,1772482295.9712596,08_idle_cooldown,0.2,2.3,11742.0,515462.0,27.38,9.22,3.37,,,,,1033,"[{""pid"": ""209363"", ""comm"": ""sshd"", ""cpu"": ""0.5"", ""mem"": ""0.0""}, {""pid"": ""205374"", ""comm"": ""sshd"", ""cpu"": ""0.2"", ""mem"": ""0.0""}, {""pid"": ""207065"", ""comm"": ""sshd"", ""cpu"": ""0.1"", ""mem"": ""0.0""}, {""pid"": ""210672"", ""comm"": ""dbus-daemon"", ""cpu"": ""0.0"", ""mem"": ""0.0""}, {""pid"": ""209307"", ""comm"": ""sshd"", ""cpu"": ""0.0"", ""mem"": ""0.0""}]"
111,2026-03-02T20:11:37.206495Z,1772482297.206496,08_idle_cooldown,0.0,2.3,11742.0,515462.0,25.18,9.07,3.35,,,,,1033,"[{""pid"": ""212930"", ""comm"": ""ps"", ""cpu"": ""100"", ""mem"": ""0.0""}, {""pid"": ""209363"", ""comm"": ""sshd"", ""cpu"": ""0.5"", ""mem"": ""0.0""}, {""pid"": ""205374"", ""comm"": ""sshd"", ""cpu"": ""0.2"", ""mem"": ""0.0""}, {""pid"": ""207065"", ""comm"": ""sshd"", ""cpu"": ""0.1"", ""mem"": ""0.0""}, {""pid"": ""210672"", ""comm"": ""dbus-daemon"", ""cpu"": ""0.0"", ""mem"": ""0.0""}]"
112,2026-03-02T20:11:38.763779Z,1772482298.7637792,08_idle_cooldown,0.2,2.3,11743.0,515462.0,25.18,9.07,3.35,,,,,1033,"[{""pid"": ""209363"", ""comm"": ""sshd"", ""cpu"": ""0.5"", ""mem"": ""0.0""}, {""pid"": ""205374"", ""comm"": ""sshd"", ""cpu"": ""0.2"", ""mem"": ""0.0""}, {""pid"": ""207065"", ""comm"": ""sshd"", ""cpu"": ""0.1"", ""mem"": ""0.0""}, {""pid"": ""210672"", ""comm"": ""dbus-daemon"", ""cpu"": ""0.0"", ""mem"": ""0.0""}, {""pid"": ""209307"", ""comm"": ""sshd"", ""cpu"": ""0.0"", ""mem"": ""0.0""}]"
113,2026-03-02T20:11:39.993844Z,1772482299.993844,08_idle_cooldown,0.0,2.3,11743.0,515462.0,25.18,9.07,3.35,,,,,1033,"[{""pid"": ""209363"", ""comm"": ""sshd"", ""cpu"": ""0.5"", ""mem"": ""0.0""}, {""pid"": ""205374"", ""comm"": ""sshd"", ""cpu"": ""0.2"", ""mem"": ""0.0""}, {""pid"": ""207065"", ""comm"": ""sshd"", ""cpu"": ""0.1"", ""mem"": ""0.0""}, {""pid"": ""210672"", ""comm"": ""dbus-daemon"", ""cpu"": ""0.0"", ""mem"": ""0.0""}, {""pid"": ""209307"", ""comm"": ""sshd"", ""cpu"": ""0.0"", ""mem"": ""0.0""}]"
114,2026-03-02T20:11:41.566714Z,1772482301.566714,08_idle_cooldown,0.2,2.3,11745.0,515462.0,23.17,8.92,3.33,,,,,1033,"[{""pid"": ""209363"", ""comm"": ""sshd"", ""cpu"": ""0.5"", ""mem"": ""0.0""}, {""pid"": ""205374"", ""comm"": ""sshd"", ""cpu"": ""0.2"", ""mem"": ""0.0""}, {""pid"": ""207065"", ""comm"": ""sshd"", ""cpu"": ""0.1"", ""mem"": ""0.0""}, {""pid"": ""210672"", ""comm"": ""dbus-daemon"", ""cpu"": ""0.0"", ""mem"": ""0.0""}, {""pid"": ""209307"", ""comm"": ""sshd"", ""cpu"": ""0.0"", ""mem"": ""0.0""}]"
115,2026-03-02T20:11:42.790913Z,1772482302.7909138,08_idle_cooldown,0.0,2.3,11744.0,515462.0,23.17,8.92,3.33,,,,,1033,"[{""pid"": ""213008"", ""comm"": ""ps"", ""cpu"": ""100"", ""mem"": ""0.0""}, {""pid"": ""209363"", ""comm"": ""sshd"", ""cpu"": ""0.5"", ""mem"": ""0.0""}, {""pid"": ""205374"", ""comm"": ""sshd"", ""cpu"": ""0.2"", ""mem"": ""0.0""}, {""pid"": ""207065"", ""comm"": ""sshd"", ""cpu"": ""0.1"", ""mem"": ""0.0""}, {""pid"": ""210672"", ""comm"": ""dbus-daemon"", ""cpu"": ""0.0"", ""mem"": ""0.0""}]"
116,2026-03-02T20:11:44.381341Z,1772482304.3813417,complete,0.2,2.3,11746.0,515462.0,23.17,8.92,3.33,,,,,1033,"[{""pid"": ""209363"", ""comm"": ""sshd"", ""cpu"": ""0.5"", ""mem"": ""0.0""}, {""pid"": ""205374"", ""comm"": ""sshd"", ""cpu"": ""0.2"", ""mem"": ""0.0""}, {""pid"": ""207065"", ""comm"": ""sshd"", ""cpu"": ""0.1"", ""mem"": ""0.0""}, {""pid"": ""210672"", ""comm"": ""dbus-daemon"", ""cpu"": ""0.0"", ""mem"": ""0.0""}, {""pid"": ""209307"", ""comm"": ""sshd"", ""cpu"": ""0.0"", ""mem"": ""0.0""}]"
117,2026-03-02T20:11:45.602383Z,1772482305.6023836,complete,0.0,2.3,11746.0,515462.0,23.17,8.92,3.33,,,,,1033,"[{""pid"": ""213047"", ""comm"": ""ps"", ""cpu"": ""100"", ""mem"": ""0.0""}, {""pid"": ""209363"", ""comm"": ""sshd"", ""cpu"": ""0.5"", ""mem"": ""0.0""}, {""pid"": ""205374"", ""comm"": ""sshd"", ""cpu"": ""0.2"", ""mem"": ""0.0""}, {""pid"": ""207065"", ""comm"": ""sshd"", ""cpu"": ""0.1"", ""mem"": ""0.0""}, {""pid"": ""210672"", ""comm"": ""dbus-daemon"", ""cpu"": ""0.0"", ""mem"": ""0.0""}]"
118,2026-03-02T20:11:47.188226Z,1772482307.1882267,complete,0.2,2.3,11746.0,515462.0,21.31,8.77,3.31,,,,,1033,"[{""pid"": ""209363"", ""comm"": ""sshd"", ""cpu"": ""0.5"", ""mem"": ""0.0""}, {""pid"": ""205374"", ""comm"": ""sshd"", ""cpu"": ""0.2"", ""mem"": ""0.0""}, {""pid"": ""207065"", ""comm"": ""sshd"", ""cpu"": ""0.1"", ""mem"": ""0.0""}, {""pid"": ""210672"", ""comm"": ""dbus-daemon"", ""cpu"": ""0.0"", ""mem"": ""0.0""}, {""pid"": ""209307"", ""comm"": ""sshd"", ""cpu"": ""0.0"", ""mem"": ""0.0""}]"
119,2026-03-02T20:11:48.410528Z,1772482308.4105282,complete,0.0,2.3,11747.0,515462.0,21.31,8.77,3.31,,,,,1033,"[{""pid"": ""209363"", ""comm"": ""sshd"", ""cpu"": ""0.5"", ""mem"": ""0.0""}, {""pid"": ""205374"", ""comm"": ""sshd"", ""cpu"": ""0.2"", ""mem"": ""0.0""}, {""pid"": ""207065"", ""comm"": ""sshd"", ""cpu"": ""0.1"", ""mem"": ""0.0""}, {""pid"": ""210672"", ""comm"": ""dbus-daemon"", ""cpu"": ""0.0"", ""mem"": ""0.0""}, {""pid"": ""209307"", ""comm"": ""sshd"", ""cpu"": ""0.0"", ""mem"": ""0.0""}]"
120,2026-03-02T20:11:49.998870Z,1772482309.9988708,complete,0.2,2.3,11743.0,515462.0,21.31,8.77,3.31,,,,,1033,"[{""pid"": ""209363"", ""comm"": ""sshd"", ""cpu"": ""0.5"", ""mem"": ""0.0""}, {""pid"": ""205374"", ""comm"": ""sshd"", ""cpu"": ""0.2"", ""mem"": ""0.0""}, {""pid"": ""207065"", ""comm"": ""sshd"", ""cpu"": ""0.1"", ""mem"": ""0.0""}, {""pid"": ""210672"", ""comm"": ""dbus-daemon"", ""cpu"": ""0.0"", ""mem"": ""0.0""}, {""pid"": ""209307"", ""comm"": ""sshd"", ""cpu"": ""0.0"", ""mem"": ""0.0""}]"
121,2026-03-02T20:11:51.222226Z,1772482311.2222266,complete,0.0,2.3,11743.0,515462.0,21.31,8.77,3.31,,,,,1033,"[{""pid"": ""213125"", ""comm"": ""ps"", ""cpu"": ""100"", ""mem"": ""0.0""}, {""pid"": ""209363"", ""comm"": ""sshd"", ""cpu"": ""0.5"", ""mem"": ""0.0""}, {""pid"": ""205374"", ""comm"": ""sshd"", ""cpu"": ""0.2"", ""mem"": ""0.0""}, {""pid"": ""207065"", ""comm"": ""sshd"", ""cpu"": ""0.1"", ""mem"": ""0.0""}, {""pid"": ""210672"", ""comm"": ""dbus-daemon"", ""cpu"": ""0.0"", ""mem"": ""0.0""}]"
122,2026-03-02T20:11:52.805131Z,1772482312.8051317,complete,0.2,2.3,11743.0,515462.0,19.76,8.65,3.31,,,,,1033,"[{""pid"": ""209363"", ""comm"": ""sshd"", ""cpu"": ""0.5"", ""mem"": ""0.0""}, {""pid"": ""205374"", ""comm"": ""sshd"", ""cpu"": ""0.2"", ""mem"": ""0.0""}, {""pid"": ""207065"", ""comm"": ""sshd"", ""cpu"": ""0.1"", ""mem"": ""0.0""}, {""pid"": ""210672"", ""comm"": ""dbus-daemon"", ""cpu"": ""0.0"", ""mem"": ""0.0""}, {""pid"": ""209307"", ""comm"": ""sshd"", ""cpu"": ""0.0"", ""mem"": ""0.0""}]"
123,2026-03-02T20:11:54.034110Z,1772482314.0341105,complete,0.0,2.3,11743.0,515462.0,19.76,8.65,3.31,,,,,1033,"[{""pid"": ""213164"", ""comm"": ""ps"", ""cpu"": ""100"", ""mem"": ""0.0""}, {""pid"": ""209363"", ""comm"": ""sshd"", ""cpu"": ""0.5"", ""mem"": ""0.0""}, {""pid"": ""205374"", ""comm"": ""sshd"", ""cpu"": ""0.2"", ""mem"": ""0.0""}, {""pid"": ""207065"", ""comm"": ""sshd"", ""cpu"": ""0.1"", ""mem"": ""0.0""}, {""pid"": ""210672"", ""comm"": ""dbus-daemon"", ""cpu"": ""0.0"", ""mem"": ""0.0""}]"
124,2026-03-02T20:11:55.621498Z,1772482315.6214983,complete,0.2,2.3,11743.0,515462.0,19.76,8.65,3.31,,,,,1033,"[{""pid"": ""213190"", ""comm"": ""ps"", ""cpu"": ""100"", ""mem"": ""0.0""}, {""pid"": ""209363"", ""comm"": ""sshd"", ""cpu"": ""0.5"", ""mem"": ""0.0""}, {""pid"": ""205374"", ""comm"": ""sshd"", ""cpu"": ""0.2"", ""mem"": ""0.0""}, {""pid"": ""207065"", ""comm"": ""sshd"", ""cpu"": ""0.1"", ""mem"": ""0.0""}, {""pid"": ""210672"", ""comm"": ""dbus-daemon"", ""cpu"": ""0.0"", ""mem"": ""0.0""}]"
125,2026-03-02T20:11:56.849998Z,1772482316.849998,complete,0.0,2.3,11743.0,515462.0,18.18,8.51,3.29,,,,,1033,"[{""pid"": ""213203"", ""comm"": ""ps"", ""cpu"": ""100"", ""mem"": ""0.0""}, {""pid"": ""209363"", ""comm"": ""sshd"", ""cpu"": ""0.5"", ""mem"": ""0.0""}, {""pid"": ""205374"", ""comm"": ""sshd"", ""cpu"": ""0.2"", ""mem"": ""0.0""}, {""pid"": ""207065"", ""comm"": ""sshd"", ""cpu"": ""0.1"", ""mem"": ""0.0""}, {""pid"": ""210672"", ""comm"": ""dbus-daemon"", ""cpu"": ""0.0"", ""mem"": ""0.0""}]"
126,2026-03-02T20:11:58.441930Z,1772482318.4419303,complete,0.2,2.3,11744.0,515462.0,18.18,8.51,3.29,,,,,1033,"[{""pid"": ""213229"", ""comm"": ""ps"", ""cpu"": ""100"", ""mem"": ""0.0""}, {""pid"": ""209363"", ""comm"": ""sshd"", ""cpu"": ""0.5"", ""mem"": ""0.0""}, {""pid"": ""205374"", ""comm"": ""sshd"", ""cpu"": ""0.2"", ""mem"": ""0.0""}, {""pid"": ""207065"", ""comm"": ""sshd"", ""cpu"": ""0.1"", ""mem"": ""0.0""}, {""pid"": ""210672"", ""comm"": ""dbus-daemon"", ""cpu"": ""0.0"", ""mem"": ""0.0""}]"
